y,m,region,priceM2,count
1396,7,1,10259700,718
1396,7,2,7088700,1356
1396,7,3,8391700,609
1396,7,4,4914300,1507
1396,7,5,5437400,2332
1396,7,6,6521300,524
1396,7,7,4506200,688
1396,7,8,4508900,893
1396,7,9,3205400,297
1396,7,10,3029200,716
1396,7,11,3392600,546
1396,7,12,3116400,257
1396,7,13,4273900,461
1396,7,14,3566500,841
1396,7,15,2767000,573
1396,7,16,2717900,217
1396,7,17,2599300,205
1396,7,18,2274900,262
1396,7,19,2839400,123
1396,7,20,2624400,247
1396,7,21,3381200,264
1396,7,22,4165200,179
1396,7,-1,4789800,13815
1396,8,1,10272100,693
1396,8,2,7235700,1497
1396,8,3,8459600,669
1396,8,4,5078700,1715
1396,8,5,5647600,2441
1396,8,6,6505700,538
1396,8,7,4575300,751
1396,8,8,4635000,927
1396,8,9,3197100,303
1396,8,10,3147200,890
1396,8,11,3526400,574
1396,8,12,3296800,265
1396,8,13,4322700,566
1396,8,14,3694800,854
1396,8,15,2868400,615
1396,8,16,2766100,239
1396,8,17,2534400,211
1396,8,18,2369800,280
1396,8,19,2757600,83
1396,8,20,2647900,229
1396,8,21,3396300,264
1396,8,22,4417800,160
1396,8,-1,4889000,14764
1396,9,1,10637100,850
1396,9,2,7634900,1762
1396,9,3,8977600,875
1396,9,4,5229500,2031
1396,9,5,5978700,2655
1396,9,6,6852500,693
1396,9,7,4604900,893
1396,9,8,4963600,1228
1396,9,9,3367700,402
1396,9,10,3190800,1027
1396,9,11,3471100,648
1396,9,12,3512800,347
1396,9,13,4528300,706
1396,9,14,3823400,1061
1396,9,15,2934500,797
1396,9,16,2753800,288
1396,9,17,2578900,279
1396,9,18,2400500,275
1396,9,19,2793500,110
1396,9,20,2662600,310
1396,9,21,3540600,312
1396,9,22,4578400,227
1396,9,-1,5088300,17776
1396,10,1,11172900,1031
1396,10,2,8061100,1770
1396,10,3,9026100,941
1396,10,4,5460700,2120
1396,10,5,6310800,2587
1396,10,6,6986500,756
1396,10,7,4716400,1042
1396,10,8,4778600,1288
1396,10,9,3413700,357
1396,10,10,3241800,1163
1396,10,11,3619200,746
1396,10,12,3523100,417
1396,10,13,4615000,726
1396,10,14,3832900,1250
1396,10,15,2939900,830
1396,10,16,2968400,300
1396,10,17,2581000,345
1396,10,18,2474800,311
1396,10,19,2815000,122
1396,10,20,2664200,339
1396,10,21,3714100,329
1396,10,22,4689300,234
1396,10,-1,5241600,19004
1396,11,1,11536200,1063
1396,11,2,8640600,1770
1396,11,3,9507400,1048
1396,11,4,5649600,2038
1396,11,5,6777300,2394
1396,11,6,7675100,800
1396,11,7,4971400,1021
1396,11,8,5004000,1172
1396,11,9,3577100,332
1396,11,10,3351500,1061
1396,11,11,3769200,827
1396,11,12,3505300,434
1396,11,13,4845800,659
1396,11,14,3946600,1082
1396,11,15,3058000,750
1396,11,16,3054900,334
1396,11,17,2685300,275
1396,11,18,2425500,332
1396,11,19,2973700,117
1396,11,20,2829400,391
1396,11,21,3866400,289
1396,11,22,4764500,203
1396,11,-1,5507500,18392
1396,12,1,12366700,889
1396,12,2,9181100,1221
1396,12,3,10191600,670
1396,12,4,6126600,1220
1396,12,5,7005400,1640
1396,12,6,7731100,556
1396,12,7,5288800,677
1396,12,8,5206200,732
1396,12,9,3720700,213
1396,12,10,3397000,768
1396,12,11,3755500,537
1396,12,12,3425300,316
1396,12,13,5190800,380
1396,12,14,4021600,710
1396,12,15,3157300,521
1396,12,16,2996800,189
1396,12,17,2754600,157
1396,12,18,2407000,242
1396,12,19,3034500,91
1396,12,20,2926400,251
1396,12,21,4013800,188
1396,12,22,5004000,139
1396,12,-1,5759100,12307
1397,1,1,11631000,239
1397,1,2,8690700,423
1397,1,3,10526500,231
1397,1,4,5880600,425
1397,1,5,7154700,680
1397,1,6,7765100,160
1397,1,7,4999300,285
1397,1,8,4960500,302
1397,1,9,3786400,116
1397,1,10,3344800,379
1397,1,11,3746200,257
1397,1,12,3713600,148
1397,1,13,4900300,179
1397,1,14,3900200,317
1397,1,15,3196300,281
1397,1,16,2902200,82
1397,1,17,2715300,105
1397,1,18,2642800,125
1397,1,19,2712900,65
1397,1,20,3023900,104
1397,1,21,4119200,88
1397,1,22,4692000,55
1397,1,-1,5528000,5046
1397,2,1,12545400,908
1397,2,2,9751700,1516
1397,2,3,10486500,843
1397,2,4,6623100,1695
1397,2,5,7708100,2447
1397,2,6,8260500,690
1397,2,7,5385500,1120
1397,2,8,5512800,1184
1397,2,9,4039900,401
1397,2,10,3777200,1326
1397,2,11,3826200,915
1397,2,12,3531100,593
1397,2,13,5564200,708
1397,2,14,4374200,1359
1397,2,15,3295000,1095
1397,2,16,2995100,381
1397,2,17,2932700,361
1397,2,18,2711700,431
1397,2,19,3248200,123
1397,2,20,2852900,523
1397,2,21,4449500,298
1397,2,22,5734400,190
1397,2,-1,5978900,19107
1397,3,1,14184400,877
1397,3,2,10652400,1235
1397,3,3,11730900,714
1397,3,4,7161800,1321
1397,3,5,8336400,2071
1397,3,6,8979700,567
1397,3,7,5985900,798
1397,3,8,6147100,856
1397,3,9,4434500,302
1397,3,10,4023600,1026
1397,3,11,4108900,728
1397,3,12,3601500,440
1397,3,13,5921600,524
1397,3,14,4744600,976
1397,3,15,3442700,764
1397,3,16,3233400,236
1397,3,17,3219600,299
1397,3,18,2896200,334
1397,3,19,3302100,95
1397,3,20,2988300,340
1397,3,21,4795100,226
1397,3,22,6008300,157
1397,3,-1,6510700,14886
1397,4,1,15108400,793
1397,4,2,11379900,1065
1397,4,3,12576500,581
1397,4,4,7545400,1217
1397,4,5,8886500,1785
1397,4,6,9687000,503
1397,4,7,6550800,708
1397,4,8,6569100,746
1397,4,9,5084400,274
1397,4,10,4444100,994
1397,4,11,4368400,669
1397,4,12,3766800,464
1397,4,13,6449300,457
1397,4,14,5073400,870
1397,4,15,3683500,755
1397,4,16,3488600,290
1397,4,17,3353900,252
1397,4,18,3098600,337
1397,4,19,3761800,93
1397,4,20,3228900,318
1397,4,21,5363900,200
1397,4,22,6236000,143
1397,4,-1,6972800,13514
1397,5,1,15763200,665
1397,5,2,12185700,1007
1397,5,3,12984700,492
1397,5,4,8026800,1166
1397,5,5,9568500,1592
1397,5,6,9881800,416
1397,5,7,7028500,669
1397,5,8,7179700,633
1397,5,9,5206400,199
1397,5,10,4784200,803
1397,5,11,4765400,553
1397,5,12,3892300,364
1397,5,13,6603600,339
1397,5,14,5423400,776
1397,5,15,3983400,650
1397,5,16,3708900,311
1397,5,17,3402900,218
1397,5,18,3109900,254
1397,5,19,4121100,149
1397,5,20,3534200,442
1397,5,21,5759300,179
1397,5,22,6876300,129
1397,5,-1,7399900,12006
1397,6,1,17595200,562
1397,6,2,12969500,945
1397,6,3,14568300,465
1397,6,4,8838900,991
1397,6,5,10295500,1648
1397,6,6,10712800,387
1397,6,7,7698700,555
1397,6,8,7963900,580
1397,6,9,5893700,171
1397,6,10,5286100,754
1397,6,11,5051900,448
1397,6,12,4382500,316
1397,6,13,7463100,338
1397,6,14,5989900,628
1397,6,15,4373600,528
1397,6,16,4091000,154
1397,6,17,3775700,175
1397,6,18,3540200,191
1397,6,19,3878100,57
1397,6,20,3937200,178
1397,6,21,6134100,166
1397,6,22,7413600,98
1397,6,-1,8095800,10335
1397,7,1,18768500,539
1397,7,2,13684400,904
1397,7,3,15868400,427
1397,7,4,9306100,828
1397,7,5,11126600,1482
1397,7,6,11610200,338
1397,7,7,8072800,531
1397,7,8,8125800,535
1397,7,9,5992700,187
1397,7,10,5835800,675
1397,7,11,5460600,411
1397,7,12,4405700,266
1397,7,13,8000400,263
1397,7,14,6374800,537
1397,7,15,4802600,465
1397,7,16,4493300,111
1397,7,17,3947100,165
1397,7,18,3614700,192
1397,7,19,4211000,73
1397,7,20,4005400,182
1397,7,21,6275000,152
1397,7,22,7973100,94
1397,7,-1,8610900,9357
1397,8,1,19629700,385
1397,8,2,14287300,641
1397,8,3,17074000,293
1397,8,4,9965100,602
1397,8,5,11533900,1076
1397,8,6,12592200,253
1397,8,7,8283600,421
1397,8,8,8998300,409
1397,8,9,6745100,117
1397,8,10,6139900,464
1397,8,11,5987700,274
1397,8,12,4897400,195
1397,8,13,8738800,233
1397,8,14,6906300,429
1397,8,15,5090200,355
1397,8,16,4657200,102
1397,8,17,4576800,138
1397,8,18,4141700,112
1397,8,19,4088000,48
1397,8,20,4605800,129
1397,8,21,6678200,111
1397,8,22,9001200,68
1397,8,-1,9179400,6855
1397,9,1,21810800,367
1397,9,2,14501800,624
1397,9,3,17960600,295
1397,9,4,10175100,565
1397,9,5,11926000,971
1397,9,6,13254900,251
1397,9,7,9069800,434
1397,9,8,9038200,367
1397,9,9,6857400,146
1397,9,10,6356400,499
1397,9,11,6150300,323
1397,9,12,5431100,185
1397,9,13,8824900,230
1397,9,14,7023100,457
1397,9,15,5124900,357
1397,9,16,4966700,119
1397,9,17,4879900,130
1397,9,18,4202000,150
1397,9,19,4630200,55
1397,9,20,4766600,130
1397,9,21,6358500,88
1397,9,22,9217600,71
1397,9,-1,9554700,6814
1397,10,1,23105900,379
1397,10,2,15034000,509
1397,10,3,17237200,342
1397,10,4,10462300,637
1397,10,5,12200200,832
1397,10,6,13207500,256
1397,10,7,9362800,375
1397,10,8,9537100,392
1397,10,9,7137000,152
1397,10,10,6353500,518
1397,10,11,6811100,290
1397,10,12,4846800,203
1397,10,13,8770500,243
1397,10,14,7132200,393
1397,10,15,5457000,415
1397,10,16,4678700,133
1397,10,17,5059800,176
1397,10,18,4204500,118
1397,10,19,5022900,46
1397,10,20,4567400,133
1397,10,21,7690000,109
1397,10,22,8728900,70
1397,10,-1,9797300,6721
1397,11,1,21811500,374
1397,11,2,15415400,766
1397,11,3,17711400,359
1397,11,4,10281400,846
1397,11,5,12594500,1300
1397,11,6,13996600,298
1397,11,7,9298600,518
1397,11,8,9499700,540
1397,11,9,7483900,224
1397,11,10,6747900,740
1397,11,11,6614900,387
1397,11,12,5650400,305
1397,11,13,9286700,320
1397,11,14,7633000,616
1397,11,15,5613700,603
1397,11,16,5098700,184
1397,11,17,5277500,207
1397,11,18,4528100,223
1397,11,19,5321600,70
1397,11,20,4865000,189
1397,11,21,7569600,168
1397,11,22,9265200,106
1397,11,-1,9967200,9343
1398,1,1,24278300,148
1398,1,2,16676500,271
1398,1,3,20009500,132
1398,1,4,12279100,325
1398,1,5,14127300,566
1398,1,6,15700200,101
1398,1,7,11396200,189
1398,1,8,10686400,170
1398,1,9,8670100,73
1398,1,10,7594900,234
1398,1,11,7629400,134
1398,1,12,6130500,116
1398,1,13,11034000,116
1398,1,14,9089700,208
1398,1,15,6336300,199
1398,1,16,5865100,61
1398,1,17,5588600,75
1398,1,18,4882200,92
1398,1,19,5863700,41
1398,1,20,5238100,96
1398,1,21,8068500,46
1398,1,22,10424900,30
1398,1,-1,11269100,3423
1398,2,1,26022900,605
1398,2,2,19653600,1166
1398,2,3,22119700,532
1398,2,4,14114400,1115
1398,2,5,15881200,2011
1398,2,6,17042400,428
1398,2,7,12284200,630
1398,2,8,12183000,657
1398,2,9,9452800,273
1398,2,10,8792900,882
1398,2,11,8830600,471
1398,2,12,6937400,365
1398,2,13,12043600,397
1398,2,14,9881600,700
1398,2,15,7179700,542
1398,2,16,6392200,176
1398,2,17,6370100,217
1398,2,18,5908700,279
1398,2,19,5992700,87
1398,2,20,6337000,284
1398,2,21,8663400,192
1398,2,22,12628500,119
1398,2,-1,12672500,12128
1398,3,1,26814100,283
1398,3,2,21552200,522
1398,3,3,24676600,267
1398,3,4,14249200,540
1398,3,5,16827900,896
1398,3,6,17622100,252
1398,3,7,13058100,330
1398,3,8,13082400,332
1398,3,9,9708200,117
1398,3,10,9421400,431
1398,3,11,9393500,249
1398,3,12,7367800,179
1398,3,13,12708200,194
1398,3,14,9522600,336
1398,3,15,7013200,299
1398,3,16,6518000,107
1398,3,17,6427700,129
1398,3,18,6021500,174
1398,3,19,6787900,51
1398,3,20,6286400,147
1398,3,21,9690500,83
1398,3,22,13506200,68
1398,3,-1,13299700,5986
1398,4,1,29833300,282
1398,4,2,21326500,436
1398,4,3,23722300,198
1398,4,4,13540200,432
1398,4,5,16405300,593
1398,4,6,17141100,169
1398,4,7,12890200,270
1398,4,8,12561200,262
1398,4,9,9393900,95
1398,4,10,9224800,318
1398,4,11,9471200,215
1398,4,12,7894700,135
1398,4,13,12452400,120
1398,4,14,10533200,321
1398,4,15,7418600,270
1398,4,16,7136300,94
1398,4,17,6840100,119
1398,4,18,6089400,143
1398,4,19,6837300,46
1398,4,20,6186900,135
1398,4,21,10141600,82
1398,4,22,12296900,55
1398,4,-1,13351200,4790
1398,5,1,28212100,165
1398,5,2,20553600,309
1398,5,3,24629200,139
1398,5,4,13022800,293
1398,5,5,16314100,399
1398,5,6,16273100,155
1398,5,7,12431000,193
1398,5,8,13309300,191
1398,5,9,9048800,76
1398,5,10,8898300,277
1398,5,11,9075700,134
1398,5,12,7845400,96
1398,5,13,12335600,77
1398,5,14,9785800,202
1398,5,15,7001700,188
1398,5,16,7444500,54
1398,5,17,6746200,85
1398,5,18,5979200,82
1398,5,19,6263700,36
1398,5,20,6560800,68
1398,5,21,9387100,47
1398,5,22,11776400,26
1398,5,-1,13025900,3292
1398,6,1,25043300,134
1398,6,2,20151300,236
1398,6,3,22651400,125
1398,6,4,13291700,221
1398,6,5,15673000,429
1398,6,6,18198800,116
1398,6,7,13173100,180
1398,6,8,11642800,157
1398,6,9,9307400,67
1398,6,10,8907500,233
1398,6,11,9424200,128
1398,6,12,7426400,73
1398,6,13,11001200,84
1398,6,14,9393400,172
1398,6,15,7854300,116
1398,6,16,7253400,31
1398,6,17,6231500,78
1398,6,18,5736000,66
1398,6,19,5682200,24
1398,6,20,6369800,56
1398,6,21,10113200,35
1398,6,22,12217400,26
1398,6,-1,12667700,2787
1398,7,1,26969700,179
1398,7,2,21994500,311
1398,7,3,23836000,139
1398,7,4,13080200,267
1398,7,5,14659500,515
1398,7,6,18279700,157
1398,7,7,11530900,202
1398,7,8,12103800,159
1398,7,9,8902200,86
1398,7,10,8631700,242
1398,7,11,9061400,143
1398,7,12,7109600,96
1398,7,13,12043700,118
1398,7,14,9149400,177
1398,7,15,6989100,195
1398,7,16,6703500,66
1398,7,17,6954000,83
1398,7,18,5520700,79
1398,7,19,6175000,32
1398,7,20,7411900,74
1398,7,21,8297600,51
1398,7,22,10875100,30
1398,7,-1,12715700,3401
1398,8,1,23478200,172
1398,8,2,19072700,383
1398,8,3,22973600,158
1398,8,4,13667100,346
1398,8,5,14891400,700
1398,8,6,17505100,161
1398,8,7,12067000,255
1398,8,8,11742500,215
1398,8,9,9396400,87
1398,8,10,8813900,347
1398,8,11,8967100,165
1398,8,12,8117400,82
1398,8,13,12319700,108
1398,8,14,9722700,272
1398,8,15,7294200,177
1398,8,16,6947500,79
1398,8,17,7126900,110
1398,8,18,6049900,78
1398,8,19,6929700,25
1398,8,20,6376400,46
1398,8,21,9826300,61
1398,8,22,11243900,37
1398,8,-1,12463700,4064
1398,9,1,31039300,376
1398,9,2,20048100,871
1398,9,3,23082900,342
1398,9,4,14875700,892
1398,9,5,15950500,1592
1398,9,6,17567100,302
1398,9,7,12867800,527
1398,9,8,12252300,526
1398,9,9,9827600,267
1398,9,10,9147800,798
1398,9,11,9678200,411
1398,9,12,7814700,219
1398,9,13,12313300,344
1398,9,14,10223300,627
1398,9,15,7778000,436
1398,9,16,8290000,147
1398,9,17,7412400,239
1398,9,18,6512700,175
1398,9,19,8300000,81
1398,9,20,6760300,130
1398,9,21,10202700,146
1398,9,22,12237400,89
1398,9,-1,13525700,9537
1398,10,1,30164300,403
1398,10,2,20646000,1004
1398,10,3,24864900,440
1398,10,4,14883900,988
1398,10,5,16515300,1739
1398,10,6,19241600,346
1398,10,7,12670700,576
1398,10,8,12743900,650
1398,10,9,10221500,250
1398,10,10,9602100,843
1398,10,11,9730700,432
1398,10,12,7935800,247
1398,10,13,13080200,391
1398,10,14,10354600,694
1398,10,15,8063700,518
1398,10,16,7823900,192
1398,10,17,7276000,213
1398,10,18,6529600,207
1398,10,19,8013500,81
1398,10,20,7325500,187
1398,10,21,10667900,172
1398,10,22,12188200,114
1398,10,-1,13809100,10687
1398,11,1,28500600,479
1398,11,2,21982600,1286
1398,11,3,25654100,482
1398,11,4,15478900,1219
1398,11,5,17677300,2262
1398,11,6,20728400,484
1398,11,7,13804000,834
1398,11,8,13245200,840
1398,11,9,10720800,331
1398,11,10,9930900,974
1398,11,11,10342500,534
1398,11,12,8392600,334
1398,11,13,13420500,466
1398,11,14,10955500,835
1398,11,15,8590600,599
1398,11,16,8301900,199
1398,11,17,7619700,239
1398,11,18,7156100,240
1398,11,19,8506500,83
1398,11,20,7563100,192
1398,11,21,10782100,217
1398,11,22,13699900,135
1398,11,-1,14397100,13264
1398,12,-1,14846500,7253.5
1398,12,1,29908500,281.5
1398,12,2,23012400,696
1398,12,3,26383350,273
1398,12,4,16438550,660.5
1398,12,5,18280250,1227.5
1398,12,6,20081650,275.5
1398,12,7,13785400,454
1398,12,8,14186350,448
1398,12,9,10729100,180.5
1398,12,10,10255150,531
1398,12,11,10396650,288.5
1398,12,12,8455250,188.5
1398,12,13,13582100,241.5
1398,12,14,11073250,443
1398,12,15,8764750,333
1398,12,16,7893900,108
1398,12,17,7785200,129
1398,12,18,7284400,139
1398,12,19,8479000,49
1398,12,20,8063000,109
1398,12,21,10922100,123.5
1398,12,22,13840400,74
1399,1,1,31316400,84
1399,1,2,24042200,106
1399,1,3,27112600,64
1399,1,4,17398200,102
1399,1,5,18883200,193
1399,1,6,19434900,67
1399,1,7,13766800,74
1399,1,8,15127500,56
1399,1,9,10737400,30
1399,1,10,10579400,88
1399,1,11,10450800,43
1399,1,12,8517900,43
1399,1,13,13743700,17
1399,1,14,11191000,51
1399,1,15,8938900,67
1399,1,16,7485900,17
1399,1,17,7950700,19
1399,1,18,7412700,38
1399,1,19,8451500,15
1399,1,20,8562900,26
1399,1,21,11062100,30
1399,1,22,13980900,13
1399,1,-1,15295900,1243
1399,2,1,33896500,506
1399,2,2,26443000,1085
1399,2,3,30623600,497
1399,2,4,18594900,939
1399,2,5,21354600,1719
1399,2,6,24493000,394
1399,2,7,16405500,668
1399,2,8,15930900,692
1399,2,9,11905200,263
1399,2,10,11460800,878
1399,2,11,11770800,492
1399,2,12,9733400,323
1399,2,13,15330400,412
1399,2,14,12727500,718
1399,2,15,9572100,538
1399,2,16,9114000,161
1399,2,17,8915700,249
1399,2,18,7847300,243
1399,2,19,9441400,75
1399,2,20,8887800,170
1399,2,21,12414900,143
1399,2,22,15784000,145
1399,2,-1,16972700,11310
1399,3,1,41198800,612
1399,3,2,29383300,983
1399,3,3,33089700,480
1399,3,4,20390400,947
1399,3,5,23781200,1666
1399,3,6,25894900,365
1399,3,7,17583800,637
1399,3,8,18530600,580
1399,3,9,13719500,210
1399,3,10,12912600,837
1399,3,11,13115600,499
1399,3,12,11015800,324
1399,3,13,16859200,391
1399,3,14,14191300,643
1399,3,15,10297900,480
1399,3,16,10105200,145
1399,3,17,9747300,216
1399,3,18,8885300,196
1399,3,19,10068200,79
1399,3,20,9376600,143
1399,3,21,13675700,190
1399,3,22,17760500,155
1399,3,-1,18948100,10778
1399,4,1,45300800,787
1399,4,2,33123900,1210
1399,4,3,38069800,688
1399,4,4,21975700,1227
1399,4,5,26336200,2086
1399,4,6,28472000,560
1399,4,7,20448100,833
1399,4,8,19272800,735
1399,4,9,14371400,275
1399,4,10,13707100,1182
1399,4,11,14293700,654
1399,4,12,11688400,391
1399,4,13,18696700,497
1399,4,14,15441900,874
1399,4,15,11644300,684
1399,4,16,11095600,176
1399,4,17,10608900,251
1399,4,18,9630900,261
1399,4,19,12287800,80
1399,4,20,9974900,172
1399,4,21,14971200,234
1399,4,22,19665000,190
1399,4,-1,20909400,14047
1399,5,1,52820000,442
1399,5,2,36593100,758
1399,5,3,42370700,367
1399,5,4,24775500,772
1399,5,5,28853000,1368
1399,5,6,31188400,334
1399,5,7,22161200,499
1399,5,8,21890000,548
1399,5,9,15769700,163
1399,5,10,15182200,771
1399,5,11,15128800,380
1399,5,12,12843100,257
1399,5,13,20087800,315
1399,5,14,16175400,563
1399,5,15,12785200,472
1399,5,16,11964700,145
1399,5,17,11415800,181
1399,5,18,9746900,217
1399,5,19,12252200,62
1399,5,20,11307600,164
1399,5,21,15544000,177
1399,5,22,22140800,125
1399,5,-1,23107800,9080
1399,6,1,50792000,389
1399,6,2,39603700,758
1399,6,3,46097300,367
1399,6,4,26475500,683
1399,6,5,30151300,1304
1399,6,6,34281400,300
1399,6,7,23285600,458
1399,6,8,22872500,480
1399,6,9,17409800,178
1399,6,10,15973500,802
1399,6,11,15948800,379
1399,6,12,13610000,228
1399,6,13,20771000,288
1399,6,14,17550800,504
1399,6,15,12818600,397
1399,6,16,12502400,147
1399,6,17,12049100,175
1399,6,18,10413500,179
1399,6,19,13003400,67
1399,6,20,11492100,125
1399,6,21,17822600,121
1399,6,22,24377600,134
1399,6,-1,24288100,8463
1399,7,1,56870900,483
1399,7,2,42298500,724
1399,7,3,50457800,376
1399,7,4,28810400,700
1399,7,5,34166600,1270
1399,7,6,38645300,298
1399,7,7,24728800,497
1399,7,8,24509300,462
1399,7,9,19206600,196
1399,7,10,17830600,812
1399,7,11,17157500,405
1399,7,12,14050800,207
1399,7,13,23385100,270
1399,7,14,19389500,567
1399,7,15,14413500,429
1399,7,16,13225500,154
1399,7,17,13770100,177
1399,7,18,12427600,192
1399,7,19,14132700,65
1399,7,20,12965300,114
1399,7,21,18949000,120
1399,7,22,25817400,138
1399,7,-1,26720000,8656
1399,8,1,55012200,200
1399,8,2,44196700,360
1399,8,3,51362600,162
1399,8,4,28671300,373
1399,8,5,35566300,541
1399,8,6,35084000,133
1399,8,7,25454000,260
1399,8,8,25932600,254
1399,8,9,19906900,110
1399,8,10,18865300,384
1399,8,11,19014000,221
1399,8,12,16808700,134
1399,8,13,23186800,147
1399,8,14,20061700,300
1399,8,15,14727600,254
1399,8,16,14035600,86
1399,8,17,13957700,129
1399,8,18,12040800,142
1399,8,19,14897400,39
1399,8,20,12745700,87
1399,8,21,18808100,89
1399,8,22,25002200,61
1399,8,-1,27193100,4466
1399,9,1,57100700,162
1399,9,2,43360900,180
1399,9,3,53523900,110
1399,9,4,28328500,202
1399,9,5,34312000,324
1399,9,6,36415500,91
1399,9,7,26467900,143
1399,9,8,25433800,121
1399,9,9,20732700,54
1399,9,10,18646500,202
1399,9,11,18816800,129
1399,9,12,15478900,77
1399,9,13,22856100,77
1399,9,14,20467400,152
1399,9,15,13443900,158
1399,9,16,13289300,57
1399,9,17,13395600,76
1399,9,18,10811400,77
1399,9,19,13670200,19
1399,9,20,11989800,66
1399,9,21,17429600,40
1399,9,22,23981500,38
1399,9,-1,26905500,2555
1399,10,1,60034800,187
1399,10,2,44970100,271
1399,10,3,52096800,143
1399,10,4,28588300,313
1399,10,5,33952600,397
1399,10,6,38490100,149
1399,10,7,25849200,193
1399,10,8,25029400,189
1399,10,9,20377700,72
1399,10,10,19129500,260
1399,10,11,17745200,162
1399,10,12,16619900,120
1399,10,13,25843400,119
1399,10,14,19607000,235
1399,10,15,13791500,192
1399,10,16,13841800,81
1399,10,17,13955600,104
1399,10,18,12152600,108
1399,10,19,13048100,27
1399,10,20,12536200,66
1399,10,21,19195500,70
1399,10,22,25791700,57
1399,10,-1,27386000,3515
1399,11,1,59891900,187
1399,11,2,46132800,300
1399,11,3,52082100,140
1399,11,4,32704200,317
1399,11,5,35747200,527
1399,11,6,38375400,148
1399,11,7,26608100,216
1399,11,8,26457200,207
1399,11,9,20599900,100
1399,11,10,18678200,339
1399,11,11,20605100,159
1399,11,12,15394800,120
1399,11,13,25508800,117
1399,11,14,20867200,294
1399,11,15,13755100,234
1399,11,16,14273300,60
1399,11,17,14184700,114
1399,11,18,11989300,122
1399,11,19,13321300,33
1399,11,20,12750600,70
1399,11,21,19712700,59
1399,11,22,28055600,54
1399,11,-1,28389100,3917
1399,12,1,68723100,287
1399,12,2,48143600,427
1399,12,3,62271300,212
1399,12,4,32818500,450
1399,12,5,36604200,774
1399,12,6,41371000,190
1399,12,7,26712600,322
1399,12,8,26773900,312
1399,12,9,21441400,97
1399,12,10,19154100,470
1399,12,11,20215700,227
1399,12,12,16926300,135
1399,12,13,27161800,141
1399,12,14,20862900,315
1399,12,15,15368800,296
1399,12,16,15779800,98
1399,12,17,15258700,118
1399,12,18,12134700,115
1399,12,19,15678300,23
1399,12,20,16149500,80
1399,12,21,21964000,92
1399,12,22,30178900,92
1399,12,-1,30274700,5273
1400,1,1,66802400,100
1400,1,2,46062500,196
1400,1,3,56512500,86
1400,1,4,31404400,166
1400,1,5,36260100,296
1400,1,6,38119200,65
1400,1,7,29320100,112
1400,1,8,25687100,126
1400,1,9,21240000,59
1400,1,10,19865800,171
1400,1,11,19930800,94
1400,1,12,16042200,58
1400,1,13,28469700,59
1400,1,14,20290400,108
1400,1,15,14745500,135
1400,1,16,14994900,49
1400,1,17,13853000,60
1400,1,18,13445100,63
1400,1,19,15061500,15
1400,1,20,13547400,16
1400,1,21,22689700,31
1400,1,22,27783400,29
1400,1,-1,29322700,2094
1400,2,1,60211600,208
1400,2,2,45815800,309
1400,2,3,56565000,163
1400,2,4,29444600,328
1400,2,5,36644400,601
1400,2,6,40895300,121
1400,2,7,28171400,218
1400,2,8,26329000,202
1400,2,9,20125100,82
1400,2,10,19706900,365
1400,2,11,19350100,161
1400,2,12,16681600,101
1400,2,13,28239900,112
1400,2,14,21268000,216
1400,2,15,15556600,206
1400,2,16,15633600,95
1400,2,17,14543800,107
1400,2,18,11971600,124
1400,2,19,14978500,51
1400,2,20,14698000,42
1400,2,21,23233600,73
1400,2,22,20566000,53
1400,2,-1,28796600,3938
1400,3,1,66298400,259
1400,3,2,45276600,404
1400,3,3,58036100,172
1400,3,4,29704400,413
1400,3,5,37198300,708
1400,3,6,42240200,168
1400,3,7,28558100,329
1400,3,8,27895500,273
1400,3,9,20411000,95
1400,3,10,19906600,498
1400,3,11,21248200,208
1400,3,12,18338200,145
1400,3,13,26276800,166
1400,3,14,21555600,284
1400,3,15,16264500,300
1400,3,16,15840100,115
1400,3,17,15735400,136
1400,3,18,12610900,132
1400,3,19,16241800,44
1400,3,20,15442800,85
1400,3,21,22119600,98
1400,3,22,23053700,70
1400,3,-1,29673600,5102
1400,4,1,62031200,294
1400,4,2,47374600,487
1400,4,3,58636500,195
1400,4,4,30735500,361
1400,4,5,37793700,731
1400,4,6,45833700,185
1400,4,7,29029900,285
1400,4,8,27805300,252
1400,4,9,20989200,108
1400,4,10,20084800,525
1400,4,11,20544000,239
1400,4,12,18026500,141
1400,4,13,27874500,139
1400,4,14,21890900,302
1400,4,15,15946100,251
1400,4,16,16527900,80
1400,4,17,15302300,113
1400,4,18,13442400,122
1400,4,19,15776000,44
1400,4,20,15742700,53
1400,4,21,21804200,96
1400,4,22,26489600,68
1400,4,-1,30044700,5071
1400,5,1,64558300,259
1400,5,2,47873800,486
1400,5,3,61022000,189
1400,5,4,33255900,439
1400,5,5,37009700,888
1400,5,6,44886000,218
1400,5,7,30606000,264
1400,5,8,28072800,285
1400,5,9,21871300,136
1400,5,10,19852300,592
1400,5,11,20973800,226
1400,5,12,18664500,129
1400,5,13,28001700,166
1400,5,14,22971200,308
1400,5,15,17173300,272
1400,5,16,16293700,104
1400,5,17,15672500,123
1400,5,18,14410800,133
1400,5,19,17159200,41
1400,5,20,17002800,51
1400,5,21,23588000,135
1400,5,22,28663500,55
1400,5,-1,30970100,5499
1400,6,1,68908700,392
1400,6,2,49822000,678
1400,6,3,64971100,296
1400,6,4,33725700,681
1400,6,5,37623100,1109
1400,6,6,46044000,275
1400,6,7,28537600,438
1400,6,8,28289500,407
1400,6,9,22790800,188
1400,6,10,20605200,781
1400,6,11,21689000,328
1400,6,12,18222200,183
1400,6,13,29902400,250
1400,6,14,22880700,493
1400,6,15,16484600,337
1400,6,16,16424900,158
1400,6,17,16312600,192
1400,6,18,15031500,196
1400,6,19,18097000,52
1400,6,20,15783100,97
1400,6,21,22555400,140
1400,6,22,29646300,118
1400,6,-1,31703400,7789
1400,7,1,69670200,269
1400,7,2,49886300,540
1400,7,3,60078600,198
1400,7,4,33200600,440
1400,7,5,38296600,793
1400,7,6,45819700,178
1400,7,7,29965900,329
1400,7,8,28536000,329
1400,7,9,21770700,123
1400,7,10,20397300,505
1400,7,11,20926400,231
1400,7,12,17845600,121
1400,7,13,28316800,167
1400,7,14,22369300,324
1400,7,15,16673600,281
1400,7,16,17709100,85
1400,7,17,16788500,135
1400,7,18,15144100,146
1400,7,19,18245700,37
1400,7,20,15820000,68
1400,7,21,22752600,102
1400,7,22,33079500,70
1400,7,-1,31631100,5471
1400,8,1,72749900,334
1400,8,2,50038000,607
1400,8,3,59839700,267
1400,8,4,34154000,574
1400,8,5,38185700,1011
1400,8,6,43811500,219
1400,8,7,30142100,432
1400,8,8,29841100,455
1400,8,9,21620200,187
1400,8,10,20931100,658
1400,8,11,21781800,366
1400,8,12,18670400,159
1400,8,13,28363400,234
1400,8,14,23589700,476
1400,8,15,17089000,388
1400,8,16,16625300,138
1400,8,17,16183200,261
1400,8,18,14519900,192
1400,8,19,17310500,56
1400,8,20,16514400,77
1400,8,21,23218400,134
1400,8,22,32400000,79
1400,8,-1,32009000,7304
1400,9,1,69081500,413
1400,9,2,50438800,829
1400,9,3,61002200,338
1400,9,4,35110800,809
1400,9,5,39823800,1400
1400,9,6,48249300,317
1400,9,7,31808700,549
1400,9,8,28273200,596
1400,9,9,22633600,227
1400,9,10,21661700,983
1400,9,11,22956000,433
1400,9,12,20431100,211
1400,9,13,28959600,331
1400,9,14,24426100,668
1400,9,15,17415000,481
1400,9,16,16872500,143
1400,9,17,17034300,258
1400,9,18,15819800,261
1400,9,19,17240400,97
1400,9,20,17278700,111
1400,9,21,23958300,197
1400,9,22,30591300,120
1400,9,-1,32590800,9772
1400,10,1,70218500,347
1400,10,2,48857300,752
1400,10,3,63011500,313
1400,10,4,35003400,864
1400,10,5,40783300,1454
1400,10,6,46494600,274
1400,10,7,30504600,548
1400,10,8,29429300,559
1400,10,9,23660800,224
1400,10,10,22213900,980
1400,10,11,22757900,464
1400,10,12,20005400,231
1400,10,13,29622400,332
1400,10,14,24745200,653
1400,10,15,18485600,548
1400,10,16,18700400,167
1400,10,17,17867500,267
1400,10,18,15647900,283
1400,10,19,19058000,93
1400,10,20,16978400,126
1400,10,21,24654500,182
1400,10,22,31955700,155
1400,10,-1,32936400,9816
1400,11,1,70259000,322
1400,11,2,48750700,644
1400,11,3,63297100,261
1400,11,4,35272700,727
1400,11,5,41079600,1262
1400,11,6,46354900,289
1400,11,7,30855900,487
1400,11,8,29649200,514
1400,11,9,23908600,200
1400,11,10,22507200,857
1400,11,11,22957800,377
1400,11,12,20119100,196
1400,11,13,30116200,302
1400,11,14,24711000,558
1400,11,15,18100200,517
1400,11,16,19033500,120
1400,11,17,17666700,214
1400,11,18,15674000,253
1400,11,19,19231300,64
1400,11,20,16988100,89
1400,11,21,24882500,144
1400,11,22,32369800,135
1400,11,-1,33056200,8532
1400,12,1,77465200,374
1400,12,2,54558000,634
1400,12,3,65178400,278
1400,12,4,37444700,604
1400,12,5,42910300,974
1400,12,6,49496600,251
1400,12,7,33095900,380
1400,12,8,32574900,338
1400,12,9,24151100,135
1400,12,10,23034200,647
1400,12,11,23787300,294
1400,12,12,22255100,166
1400,12,13,32597300,216
1400,12,14,24891200,437
1400,12,15,18779500,339
1400,12,16,19761000,105
1400,12,17,17513900,132
1400,12,18,16564300,152
1400,12,19,16979900,54
1400,12,20,18039000,64
1400,12,21,26119100,149
1400,12,22,34842200,111
1400,12,-1,35120000,6834
1401,1,1,75156200,124
1401,1,2,49723200,273
1401,1,3,59221000,124
1401,1,4,37891100,273
1401,1,5,42167100,534
1401,1,6,49282200,126
1401,1,7,32402000,204
1401,1,8,32647600,192
1401,1,9,25451100,82
1401,1,10,23534200,365
1401,1,11,24252000,169
1401,1,12,20200100,76
1401,1,13,31984400,131
1401,1,14,26211300,221
1401,1,15,19795300,175
1401,1,16,18111100,61
1401,1,17,18356200,66
1401,1,18,15770800,88
1401,1,19,18132200,20
1401,1,20,16709800,30
1401,1,21,24024900,50
1401,1,22,33263600,43
1401,1,-1,34272700,3427
1401,2,1,74439800,428
1401,2,2,54090900,972
1401,2,3,66492700,381
1401,2,4,40707400,812
1401,2,5,44872400,1682
1401,2,6,51182400,344
1401,2,7,33019300,568
1401,2,8,33838000,576
1401,2,9,27121600,237
1401,2,10,25265800,1053
1401,2,11,25294000,493
1401,2,12,22256400,255
1401,2,13,32996100,340
1401,2,14,27286100,671
1401,2,15,19906300,494
1401,2,16,20223600,166
1401,2,17,19066200,252
1401,2,18,18363900,253
1401,2,19,21055500,73
1401,2,20,19201100,114
1401,2,21,27964800,174
1401,2,22,32968800,152
1401,2,-1,36351500,10490
1401,3,1,81098200,620
1401,3,2,59077200,1338
1401,3,3,70471700,533
1401,3,4,42820800,1126
1401,3,5,48815000,1996
1401,3,6,53808100,576
1401,3,7,37718800,841
1401,3,8,36567800,781
1401,3,9,28978100,272
1401,3,10,27767100,1249
1401,3,11,28061100,708
1401,3,12,24061400,423
1401,3,13,34566800,455
1401,3,14,30141900,858
1401,3,15,22242600,670
1401,3,16,22457000,204
1401,3,17,20728500,260
1401,3,18,19588800,281
1401,3,19,22719700,64
1401,3,20,20997200,144
1401,3,21,30371700,235
1401,3,22,37271300,240
1401,3,-1,39414500,13874
1401,4,1,83749600,505
1401,4,2,63778500,943
1401,4,3,72548300,412
1401,4,4,44479700,901
1401,4,5,52793900,1502
1401,4,6,56859600,431
1401,4,7,40138100,598
1401,4,8,38016000,592
1401,4,9,32214500,169
1401,4,10,29774300,860
1401,4,11,29592800,525
1401,4,12,25289700,308
1401,4,13,37834400,322
1401,4,14,31162100,651
1401,4,15,24052200,432
1401,4,16,24381300,139
1401,4,17,22451900,216
1401,4,18,20778800,241
1401,4,19,25534800,56
1401,4,20,21194500,124
1401,4,21,32077700,182
1401,4,22,38976800,185
1401,4,-1,41704900,10294
1397,12,-1,NA,NA
1397,12,1,NA,NA
1397,12,2,NA,NA
1397,12,3,NA,NA
1397,12,4,NA,NA
1397,12,5,NA,NA
1397,12,6,NA,NA
1397,12,7,NA,NA
1397,12,8,NA,NA
1397,12,9,NA,NA
1397,12,10,NA,NA
1397,12,11,NA,NA
1397,12,12,NA,NA
1397,12,13,NA,NA
1397,12,14,NA,NA
1397,12,15,NA,NA
1397,12,16,NA,NA
1397,12,17,NA,NA
1397,12,18,NA,NA
1397,12,19,NA,NA
1397,12,20,NA,NA
1397,12,21,NA,NA
1397,12,22,NA,NA
1397,12,-1,NA,NA
1397,12,1,NA,NA
1397,12,2,NA,NA
1397,12,3,NA,NA
1397,12,4,NA,NA
1397,12,5,NA,NA
1397,12,6,NA,NA
1397,12,7,NA,NA
1397,12,8,NA,NA
1397,12,9,NA,NA
1397,12,10,NA,NA
1397,12,11,NA,NA
1397,12,12,NA,NA
1397,12,13,NA,NA
1397,12,14,NA,NA
1397,12,15,NA,NA
1397,12,16,NA,NA
1397,12,17,NA,NA
1397,12,18,NA,NA
1397,12,19,NA,NA
1397,12,20,NA,NA
1397,12,21,NA,NA
1397,12,22,NA,NA
1401,5,1,805415,380
1401,5,2,661312,696
1401,5,3,761281,361
1401,5,4,467860,689
1401,5,5,543132,1170
1401,5,6,570268,324
1401,5,7,424757,513
1401,5,8,397238,423
1401,5,9,318636,154
1401,5,10,312975,655
1401,5,11,310090,382
1401,5,12,273452,216
1401,5,13,395072,258
1401,5,14,315341,430
1401,5,15,247819,337
1401,5,16,248200,114
1401,5,17,224452,157
1401,5,18,200817,155
1401,5,19,239768,52
1401,5,20,225205,89
1401,5,21,334577,109
1401,5,22,380682,161
1401,5,-1,427299,7825
1401,6,1,871262,294
1401,6,2,654811,609
1401,6,3,750096,279
1401,6,4,455266,522
1401,6,5,542220,866
1401,6,6,583083,239
1401,6,7,429720,362
1401,6,8,396178,338
1401,6,9,330848,119
1401,6,10,317508,524
1401,6,11,299168,289
1401,6,12,279277,143
1401,6,13,392267,194
1401,6,14,325531,310
1401,6,15,241119,244
1401,6,16,259911,88
1401,6,17,242990,123
1401,6,18,220107,151
1401,6,19,215043,35
1401,6,20,236695,71
1401,6,21,331259,129
1401,6,22,449010,104
1401,6,-1,432169,6033
1401,7,1,883309,267
1401,7,2,636511,471
1401,7,3,742397,227
1401,7,4,463534,450
1401,7,5,549009,815
1401,7,6,599176,196
1401,7,7,416525,338
1401,7,8,411862,345
1401,7,9,332990,110
1401,7,10,320112,505
1401,7,11,317422,252
1401,7,12,271506,130
1401,7,13,417065,164
1401,7,14,333270,359
1401,7,15,256468,229
1401,7,16,263369,95
1401,7,17,237369,117
1401,7,18,213038,122
1401,7,19,271701,23
1401,7,20,230154,60
1401,7,21,341921,77
1401,7,22,445237,64
1401,7,-1,437249,5416
1401,8,1,951147,362
1401,8,2,683206,718
1401,8,3,811193,328
1401,8,4,526648,703
1401,8,5,563266,1137
1401,8,6,625179,303
1401,8,7,436042,512
1401,8,8,436941,513
1401,8,9,356151,172
1401,8,10,334794,740
1401,8,11,301971,341
1401,8,12,310479,210
1401,8,13,430951,254
1401,8,14,348006,511
1401,8,15,262369,347
1401,8,16,277903,111
1401,8,17,255672,190
1401,8,18,230932,183
1401,8,19,303107,53
1401,8,20,263157,82
1401,8,21,380360,120
1401,8,22,467719,115
1401,8,-1,467048,8005
1401,9,1,994109,391
1401,9,2,702672,943
1401,9,3,850959,22
1401,9,4,523905,811
1401,9,5,591123,1532
1401,9,6,636204,347
1401,9,7,462090,623
1401,9,8,450529,570
1401,9,9,372316,210
1401,9,10,345322,958
1401,9,11,329940,505
1401,9,12,299487,261
1401,9,13,443085,376
1401,9,14,363708,619
1401,9,15,280256,480
1401,9,16,264984,171
1401,9,17,272830,224
1401,9,18,244893,216
1401,9,19,264360,60
1401,9,20,266295,133
1401,9,21,389093,193
1401,9,22,436289,139
1401,9,-1,480737,10184
