period,kind,cpi_1400_100
1381,annual,3.37205894541703
1382,annual,3.80355325290152
1383,annual,4.33866744253462
1384,annual,4.85972503343943
1385,annual,5.57605390872108
1386,annual,6.43122512797923
1387,annual,7.99299756722283
1388,annual,8.74265871317935
1389,annual,9.93313741810952
1390-01,monthly,11.3537
1390-02,monthly,11.7275
1390-03,monthly,11.8797
1390-04,monthly,12.1605
1390-05,monthly,12.5394
1390-06,monthly,12.6615
1390-07,monthly,12.9252
1390-08,monthly,13.0208
1390-09,monthly,13.2234
1390-10,monthly,13.3894
1390-11,monthly,13.5726
1390-12,monthly,13.769
1391-01,monthly,14.032
1391-02,monthly,14.2198
1391-03,monthly,14.3306
1391-04,monthly,14.8934
1391-05,monthly,15.3497
1391-06,monthly,15.813
1391-07,monthly,16.3835
1391-08,monthly,16.8405
1391-09,monthly,16.9722
1391-10,monthly,17.0781
1391-11,monthly,17.7057
1391-12,monthly,18.0516
1392-01,monthly,18.5386
1392-02,monthly,18.7147
1392-03,monthly,19.483
1392-04,monthly,20.0177
1392-05,monthly,20.5104
1392-06,monthly,20.6349
1392-07,monthly,20.8549
1392-08,monthly,21.4528
1392-09,monthly,21.7826
1392-10,monthly,21.855
1392-11,monthly,21.9329
1392-12,monthly,22.1309
1393-01,monthly,22.3096
1393-02,monthly,22.4465
1393-03,monthly,22.5384
1393-04,monthly,23.1401
1393-05,monthly,23.578
1393-06,monthly,23.7816
1393-07,monthly,24.2129
1393-08,monthly,24.4246
1393-09,monthly,24.7603
1393-10,monthly,25.0908
1393-11,monthly,25.0929
1393-12,monthly,25.329
1394-01,monthly,25.5131
1394-02,monthly,25.8168
1394-03,monthly,26.1565
1394-04,monthly,26.6003
1394-05,monthly,26.7097
1394-06,monthly,27.0195
1394-07,monthly,27.2393
1394-08,monthly,27.3769
1394-09,monthly,27.7053
1394-10,monthly,27.5374
1394-11,monthly,27.5201
1394-12,monthly,27.6528
1395-01,monthly,27.5823
1395-02,monthly,27.6256
1395-03,monthly,27.727
1395-04,monthly,27.9396
1395-05,monthly,28.0481
1395-06,monthly,28.1171
1395-07,monthly,28.1862
1395-08,monthly,28.2163
1395-09,monthly,28.2939
1395-10,monthly,28.6106
1395-11,monthly,28.7048
1395-12,monthly,28.9115
1396-01,monthly,29.3399
1396-02,monthly,29.4479
1396-03,monthly,29.4327
1396-04,monthly,29.9612
1396-05,monthly,29.9756
1396-06,monthly,30.0495
1396-07,monthly,30.5888
1396-08,monthly,30.9176
1396-09,monthly,31.0845
1396-10,monthly,31.3596
1396-11,monthly,31.6323
1396-12,monthly,31.595
1397-01,monthly,31.9825
1397-02,monthly,32.4182
1397-03,monthly,32.6908
1397-04,monthly,35.1701
1397-05,monthly,36.7783
1397-06,monthly,38.6184
1397-07,monthly,41.1996
1397-08,monthly,42.3492
1397-09,monthly,43.3253
1397-10,monthly,44.3375
1397-11,monthly,45.0993
1397-12,monthly,46.6959
1398-01,monthly,48.0799
1398-02,monthly,48.8389
1398-03,monthly,49.4055
1398-04,monthly,50.973
1398-05,monthly,51.5015
1398-06,monthly,52.0724
1398-07,monthly,53.7729
1398-08,monthly,54.6376
1398-09,monthly,56.0014
1398-10,monthly,56.6717
1398-11,monthly,57.6996
1398-12,monthly,58.3993
1399-01,monthly,59.0775
1399-02,monthly,61.0409
1399-03,monthly,62.0931
1399-04,monthly,67.1541
1399-05,monthly,69.3336
1399-06,monthly,71.606
1399-07,monthly,75.9828
1399-08,monthly,78.3433
1399-09,monthly,79.1905
1399-10,monthly,81.0772
1399-11,monthly,82.8183
1399-12,monthly,84.7969
1400-01,monthly,87.1598
1400-02,monthly,87.8163
1400-03,monthly,89.3298
1400-04,monthly,92.9942
1400-05,monthly,95.6598
1400-06,monthly,99.5388
1400-07,monthly,102.6202
1400-08,monthly,104.2145
1400-09,monthly,105.3796
1400-10,monthly,110.2386
1400-11,monthly,111.8243
1400-12,monthly,113.2242
1401-01,monthly,115.6726
1401-02,monthly,120.06
1401-03,monthly,129.5318
1401-04,monthly,135.0903
1401-05,monthly,138.6362
1401-06,monthly,141.9551
1401-07,monthly,145.3815
1401-08,monthly,148.301
1401-09,monthly,151.942
1401-10,monthly,156.192
1401-11,monthly,160.4116
1401-12,monthly,166.2
1402-01,monthly,170.2408
1402-02,monthly,175.6429
1402-03,monthly,180.4528
1402-04,monthly,183.7072
1402-05,monthly,188.1362
1402-06,monthly,191.8173
1402-07,monthly,195.8437
1402-08,monthly,199.5977
1402-09,monthly,205.1738
1402-10,monthly,210.3543
1402-11,monthly,213.6518
1402-12,monthly,218.113
1403-01,monthly,221.9131
1403-02,monthly,230.0845
1403-03,monthly,236.6432
1403-04,monthly,243.4056
1403-05,monthly,248.8046
1403-06,monthly,253.4169
1403-07,monthly,259.5492
1403-08,monthly,265.8984
1403-09,monthly,269.9876
1403-10,monthly,277.5805
1403-11,monthly,288.2975
1403-12,monthly,296.133
1404-01,monthly,303.7228
1404-02,monthly,315.3592
1404-03,monthly,324.0706
1404-04,monthly,333.2499
1404-05,monthly,343.6831
1404-06,monthly,354.4312
1404-07,monthly,368.6519
1404-08,monthly,378.1808
1404-09,monthly,391.9006
1404-10,monthly,414.2954
1404-11,monthly,445.9073
1404-12,monthly,467.364
1405-01,monthly,485.167
1405-02,monthly,532.9493
1405-03,monthly,560.0555
1405-04,monthly,578.0289
1405-05,monthly,596.9265
