indicator_code,neighborhood_id,block_id,postal_prefix,numerator,denominator,value,unit,period_start,period_end,group_key,group_value,source_org,dataset_id,extraction_date,contact,district
POP,tehran:m1001,,,,,26220,نفر,,2016-09-22,,,شهرداری تهران — data.tehran.ir (بر پایهٔ سرشماری ۱۳۹۵),tehran-mahalat-population-1395,,,
POP,tehran:m1002,,,,,27148,نفر,,2016-09-22,,,شهرداری تهران — data.tehran.ir (بر پایهٔ سرشماری ۱۳۹۵),tehran-mahalat-population-1395,,,
POP,tehran:m1003,,,,,35984,نفر,,2016-09-22,,,شهرداری تهران — data.tehran.ir (بر پایهٔ سرشماری ۱۳۹۵),tehran-mahalat-population-1395,,,
POP,tehran:m1004,,,,,37828,نفر,,2016-09-22,,,شهرداری تهران — data.tehran.ir (بر پایهٔ سرشماری ۱۳۹۵),tehran-mahalat-population-1395,,,
POP,tehran:m1005,,,,,27968,نفر,,2016-09-22,,,شهرداری تهران — data.tehran.ir (بر پایهٔ سرشماری ۱۳۹۵),tehran-mahalat-population-1395,,,
POP,tehran:m1006,,,,,37586,نفر,,2016-09-22,,,شهرداری تهران — data.tehran.ir (بر پایهٔ سرشماری ۱۳۹۵),tehran-mahalat-population-1395,,,
POP,tehran:m1007,,,,,18763,نفر,,2016-09-22,,,شهرداری تهران — data.tehran.ir (بر پایهٔ سرشماری ۱۳۹۵),tehran-mahalat-population-1395,,,
POP,tehran:m1008,,,,,44543,نفر,,2016-09-22,,,شهرداری تهران — data.tehran.ir (بر پایهٔ سرشماری ۱۳۹۵),tehran-mahalat-population-1395,,,
POP,tehran:m1009,,,,,38560,نفر,,2016-09-22,,,شهرداری تهران — data.tehran.ir (بر پایهٔ سرشماری ۱۳۹۵),tehran-mahalat-population-1395,,,
POP,tehran:m101,,,,,6719,نفر,,2016-09-22,,,شهرداری تهران — data.tehran.ir (بر پایهٔ سرشماری ۱۳۹۵),tehran-mahalat-population-1395,,,
POP,tehran:m1010,,,,,32285,نفر,,2016-09-22,,,شهرداری تهران — data.tehran.ir (بر پایهٔ سرشماری ۱۳۹۵),tehran-mahalat-population-1395,,,
POP,tehran:m102,,,,,8226,نفر,,2016-09-22,,,شهرداری تهران — data.tehran.ir (بر پایهٔ سرشماری ۱۳۹۵),tehran-mahalat-population-1395,,,
POP,tehran:m103,,,,,26587,نفر,,2016-09-22,,,شهرداری تهران — data.tehran.ir (بر پایهٔ سرشماری ۱۳۹۵),tehran-mahalat-population-1395,,,
POP,tehran:m104,,,,,30377,نفر,,2016-09-22,,,شهرداری تهران — data.tehran.ir (بر پایهٔ سرشماری ۱۳۹۵),tehran-mahalat-population-1395,,,
POP,tehran:m105,,,,,11282,نفر,,2016-09-22,,,شهرداری تهران — data.tehran.ir (بر پایهٔ سرشماری ۱۳۹۵),tehran-mahalat-population-1395,,,
POP,tehran:m106,,,,,14224,نفر,,2016-09-22,,,شهرداری تهران — data.tehran.ir (بر پایهٔ سرشماری ۱۳۹۵),tehran-mahalat-population-1395,,,
POP,tehran:m107,,,,,8373,نفر,,2016-09-22,,,شهرداری تهران — data.tehran.ir (بر پایهٔ سرشماری ۱۳۹۵),tehran-mahalat-population-1395,,,
POP,tehran:m108,,,,,9791,نفر,,2016-09-22,,,شهرداری تهران — data.tehran.ir (بر پایهٔ سرشماری ۱۳۹۵),tehran-mahalat-population-1395,,,
POP,tehran:m109,,,,,30216,نفر,,2016-09-22,,,شهرداری تهران — data.tehran.ir (بر پایهٔ سرشماری ۱۳۹۵),tehran-mahalat-population-1395,,,
POP,tehran:m110,,,,,15236,نفر,,2016-09-22,,,شهرداری تهران — data.tehran.ir (بر پایهٔ سرشماری ۱۳۹۵),tehran-mahalat-population-1395,,,
POP,tehran:m1101,,,,,12927,نفر,,2016-09-22,,,شهرداری تهران — data.tehran.ir (بر پایهٔ سرشماری ۱۳۹۵),tehran-mahalat-population-1395,,,
POP,tehran:m1102,,,,,12840,نفر,,2016-09-22,,,شهرداری تهران — data.tehran.ir (بر پایهٔ سرشماری ۱۳۹۵),tehran-mahalat-population-1395,,,
POP,tehran:m1103,,,,,12321,نفر,,2016-09-22,,,شهرداری تهران — data.tehran.ir (بر پایهٔ سرشماری ۱۳۹۵),tehran-mahalat-population-1395,,,
POP,tehran:m1104,,,,,30541,نفر,,2016-09-22,,,شهرداری تهران — data.tehran.ir (بر پایهٔ سرشماری ۱۳۹۵),tehran-mahalat-population-1395,,,
POP,tehran:m1106,,,,,26997,نفر,,2016-09-22,,,شهرداری تهران — data.tehran.ir (بر پایهٔ سرشماری ۱۳۹۵),tehran-mahalat-population-1395,,,
POP,tehran:m1108,,,,,18600,نفر,,2016-09-22,,,شهرداری تهران — data.tehran.ir (بر پایهٔ سرشماری ۱۳۹۵),tehran-mahalat-population-1395,,,
POP,tehran:m111,,,,,24137,نفر,,2016-09-22,,,شهرداری تهران — data.tehran.ir (بر پایهٔ سرشماری ۱۳۹۵),tehran-mahalat-population-1395,,,
POP,tehran:m1110,,,,,19455,نفر,,2016-09-22,,,شهرداری تهران — data.tehran.ir (بر پایهٔ سرشماری ۱۳۹۵),tehran-mahalat-population-1395,,,
POP,tehran:m1111,,,,,31062,نفر,,2016-09-22,,,شهرداری تهران — data.tehran.ir (بر پایهٔ سرشماری ۱۳۹۵),tehran-mahalat-population-1395,,,
POP,tehran:m1112,,,,,24934,نفر,,2016-09-22,,,شهرداری تهران — data.tehran.ir (بر پایهٔ سرشماری ۱۳۹۵),tehran-mahalat-population-1395,,,
POP,tehran:m1113,,,,,13184,نفر,,2016-09-22,,,شهرداری تهران — data.tehran.ir (بر پایهٔ سرشماری ۱۳۹۵),tehran-mahalat-population-1395,,,
POP,tehran:m1114,,,,,11793,نفر,,2016-09-22,,,شهرداری تهران — data.tehran.ir (بر پایهٔ سرشماری ۱۳۹۵),tehran-mahalat-population-1395,,,
POP,tehran:m1115,,,,,17882,نفر,,2016-09-22,,,شهرداری تهران — data.tehran.ir (بر پایهٔ سرشماری ۱۳۹۵),tehran-mahalat-population-1395,,,
POP,tehran:m1116,,,,,12430,نفر,,2016-09-22,,,شهرداری تهران — data.tehran.ir (بر پایهٔ سرشماری ۱۳۹۵),tehran-mahalat-population-1395,,,
POP,tehran:m1117,,,,,17407,نفر,,2016-09-22,,,شهرداری تهران — data.tehran.ir (بر پایهٔ سرشماری ۱۳۹۵),tehran-mahalat-population-1395,,,
POP,tehran:m1118,,,,,12711,نفر,,2016-09-22,,,شهرداری تهران — data.tehran.ir (بر پایهٔ سرشماری ۱۳۹۵),tehran-mahalat-population-1395,,,
POP,tehran:m112,,,,,32186,نفر,,2016-09-22,,,شهرداری تهران — data.tehran.ir (بر پایهٔ سرشماری ۱۳۹۵),tehran-mahalat-population-1395,,,
POP,tehran:m113,,,,,22829,نفر,,2016-09-22,,,شهرداری تهران — data.tehran.ir (بر پایهٔ سرشماری ۱۳۹۵),tehran-mahalat-population-1395,,,
POP,tehran:m114,,,,,8763,نفر,,2016-09-22,,,شهرداری تهران — data.tehran.ir (بر پایهٔ سرشماری ۱۳۹۵),tehran-mahalat-population-1395,,,
POP,tehran:m115,,,,,17579,نفر,,2016-09-22,,,شهرداری تهران — data.tehran.ir (بر پایهٔ سرشماری ۱۳۹۵),tehran-mahalat-population-1395,,,
POP,tehran:m116,,,,,14564,نفر,,2016-09-22,,,شهرداری تهران — data.tehran.ir (بر پایهٔ سرشماری ۱۳۹۵),tehran-mahalat-population-1395,,,
POP,tehran:m117,,,,,23845,نفر,,2016-09-22,,,شهرداری تهران — data.tehran.ir (بر پایهٔ سرشماری ۱۳۹۵),tehran-mahalat-population-1395,,,
POP,tehran:m1201,,,,,7637,نفر,,2016-09-22,,,شهرداری تهران — data.tehran.ir (بر پایهٔ سرشماری ۱۳۹۵),tehran-mahalat-population-1395,,,
POP,tehran:m1202,,,,,15128,نفر,,2016-09-22,,,شهرداری تهران — data.tehran.ir (بر پایهٔ سرشماری ۱۳۹۵),tehran-mahalat-population-1395,,,
POP,tehran:m1203,,,,,33637,نفر,,2016-09-22,,,شهرداری تهران — data.tehran.ir (بر پایهٔ سرشماری ۱۳۹۵),tehran-mahalat-population-1395,,,
POP,tehran:m1204,,,,,22600,نفر,,2016-09-22,,,شهرداری تهران — data.tehran.ir (بر پایهٔ سرشماری ۱۳۹۵),tehran-mahalat-population-1395,,,
POP,tehran:m1205,,,,,24186,نفر,,2016-09-22,,,شهرداری تهران — data.tehran.ir (بر پایهٔ سرشماری ۱۳۹۵),tehran-mahalat-population-1395,,,
POP,tehran:m1206,,,,,11318,نفر,,2016-09-22,,,شهرداری تهران — data.tehran.ir (بر پایهٔ سرشماری ۱۳۹۵),tehran-mahalat-population-1395,,,
POP,tehran:m1207,,,,,2049,نفر,,2016-09-22,,,شهرداری تهران — data.tehran.ir (بر پایهٔ سرشماری ۱۳۹۵),tehran-mahalat-population-1395,,,
POP,tehran:m1208,,,,,25040,نفر,,2016-09-22,,,شهرداری تهران — data.tehran.ir (بر پایهٔ سرشماری ۱۳۹۵),tehran-mahalat-population-1395,,,
POP,tehran:m1209,,,,,4273,نفر,,2016-09-22,,,شهرداری تهران — data.tehran.ir (بر پایهٔ سرشماری ۱۳۹۵),tehran-mahalat-population-1395,,,
POP,tehran:m121,,,,,16408,نفر,,2016-09-22,,,شهرداری تهران — data.tehran.ir (بر پایهٔ سرشماری ۱۳۹۵),tehran-mahalat-population-1395,,,
POP,tehran:m1210,,,,,19355,نفر,,2016-09-22,,,شهرداری تهران — data.tehran.ir (بر پایهٔ سرشماری ۱۳۹۵),tehran-mahalat-population-1395,,,
POP,tehran:m1211,,,,,26623,نفر,,2016-09-22,,,شهرداری تهران — data.tehran.ir (بر پایهٔ سرشماری ۱۳۹۵),tehran-mahalat-population-1395,,,
POP,tehran:m1212,,,,,24479,نفر,,2016-09-22,,,شهرداری تهران — data.tehran.ir (بر پایهٔ سرشماری ۱۳۹۵),tehran-mahalat-population-1395,,,
POP,tehran:m1213,,,,,24584,نفر,,2016-09-22,,,شهرداری تهران — data.tehran.ir (بر پایهٔ سرشماری ۱۳۹۵),tehran-mahalat-population-1395,,,
POP,tehran:m122,,,,,25362,نفر,,2016-09-22,,,شهرداری تهران — data.tehran.ir (بر پایهٔ سرشماری ۱۳۹۵),tehran-mahalat-population-1395,,,
POP,tehran:m123,,,,,3048,نفر,,2016-09-22,,,شهرداری تهران — data.tehran.ir (بر پایهٔ سرشماری ۱۳۹۵),tehran-mahalat-population-1395,,,
POP,tehran:m124,,,,,55612,نفر,,2016-09-22,,,شهرداری تهران — data.tehran.ir (بر پایهٔ سرشماری ۱۳۹۵),tehran-mahalat-population-1395,,,
POP,tehran:m125,,,,,18995,نفر,,2016-09-22,,,شهرداری تهران — data.tehran.ir (بر پایهٔ سرشماری ۱۳۹۵),tehran-mahalat-population-1395,,,
POP,tehran:m126,,,,,24680,نفر,,2016-09-22,,,شهرداری تهران — data.tehran.ir (بر پایهٔ سرشماری ۱۳۹۵),tehran-mahalat-population-1395,,,
POP,tehran:m1301,,,,,16068,نفر,,2016-09-22,,,شهرداری تهران — data.tehran.ir (بر پایهٔ سرشماری ۱۳۹۵),tehran-mahalat-population-1395,,,
POP,tehran:m1302,,,,,17131,نفر,,2016-09-22,,,شهرداری تهران — data.tehran.ir (بر پایهٔ سرشماری ۱۳۹۵),tehran-mahalat-population-1395,,,
POP,tehran:m1303,,,,,19915,نفر,,2016-09-22,,,شهرداری تهران — data.tehran.ir (بر پایهٔ سرشماری ۱۳۹۵),tehran-mahalat-population-1395,,,
POP,tehran:m1304,,,,,26706,نفر,,2016-09-22,,,شهرداری تهران — data.tehran.ir (بر پایهٔ سرشماری ۱۳۹۵),tehran-mahalat-population-1395,,,
POP,tehran:m1305,,,,,22585,نفر,,2016-09-22,,,شهرداری تهران — data.tehran.ir (بر پایهٔ سرشماری ۱۳۹۵),tehran-mahalat-population-1395,,,
POP,tehran:m1306,,,,,1415,نفر,,2016-09-22,,,شهرداری تهران — data.tehran.ir (بر پایهٔ سرشماری ۱۳۹۵),tehran-mahalat-population-1395,,,
POP,tehran:m1307,,,,,3459,نفر,,2016-09-22,,,شهرداری تهران — data.tehran.ir (بر پایهٔ سرشماری ۱۳۹۵),tehran-mahalat-population-1395,,,
POP,tehran:m1308,,,,,32812,نفر,,2016-09-22,,,شهرداری تهران — data.tehran.ir (بر پایهٔ سرشماری ۱۳۹۵),tehran-mahalat-population-1395,,,
POP,tehran:m1309,,,,,26396,نفر,,2016-09-22,,,شهرداری تهران — data.tehran.ir (بر پایهٔ سرشماری ۱۳۹۵),tehran-mahalat-population-1395,,,
POP,tehran:m1310,,,,,22406,نفر,,2016-09-22,,,شهرداری تهران — data.tehran.ir (بر پایهٔ سرشماری ۱۳۹۵),tehran-mahalat-population-1395,,,
POP,tehran:m1311,,,,,16578,نفر,,2016-09-22,,,شهرداری تهران — data.tehran.ir (بر پایهٔ سرشماری ۱۳۹۵),tehran-mahalat-population-1395,,,
POP,tehran:m1312,,,,,22750,نفر,,2016-09-22,,,شهرداری تهران — data.tehran.ir (بر پایهٔ سرشماری ۱۳۹۵),tehran-mahalat-population-1395,,,
POP,tehran:m1313,,,,,20504,نفر,,2016-09-22,,,شهرداری تهران — data.tehran.ir (بر پایهٔ سرشماری ۱۳۹۵),tehran-mahalat-population-1395,,,
POP,tehran:m1401,,,,,22317,نفر,,2016-09-22,,,شهرداری تهران — data.tehran.ir (بر پایهٔ سرشماری ۱۳۹۵),tehran-mahalat-population-1395,,,
POP,tehran:m1402,,,,,20459,نفر,,2016-09-22,,,شهرداری تهران — data.tehran.ir (بر پایهٔ سرشماری ۱۳۹۵),tehran-mahalat-population-1395,,,
POP,tehran:m1404,,,,,24744,نفر,,2016-09-22,,,شهرداری تهران — data.tehran.ir (بر پایهٔ سرشماری ۱۳۹۵),tehran-mahalat-population-1395,,,
POP,tehran:m1405,,,,,41127,نفر,,2016-09-22,,,شهرداری تهران — data.tehran.ir (بر پایهٔ سرشماری ۱۳۹۵),tehran-mahalat-population-1395,,,
POP,tehran:m1406,,,,,11350,نفر,,2016-09-22,,,شهرداری تهران — data.tehran.ir (بر پایهٔ سرشماری ۱۳۹۵),tehran-mahalat-population-1395,,,
POP,tehran:m1409,,,,,11911,نفر,,2016-09-22,,,شهرداری تهران — data.tehran.ir (بر پایهٔ سرشماری ۱۳۹۵),tehran-mahalat-population-1395,,,
POP,tehran:m1415,,,,,24870,نفر,,2016-09-22,,,شهرداری تهران — data.tehran.ir (بر پایهٔ سرشماری ۱۳۹۵),tehran-mahalat-population-1395,,,
POP,tehran:m1416,,,,,31417,نفر,,2016-09-22,,,شهرداری تهران — data.tehran.ir (بر پایهٔ سرشماری ۱۳۹۵),tehran-mahalat-population-1395,,,
POP,tehran:m1417,,,,,37422,نفر,,2016-09-22,,,شهرداری تهران — data.tehran.ir (بر پایهٔ سرشماری ۱۳۹۵),tehran-mahalat-population-1395,,,
POP,tehran:m1418,,,,,22330,نفر,,2016-09-22,,,شهرداری تهران — data.tehran.ir (بر پایهٔ سرشماری ۱۳۹۵),tehran-mahalat-population-1395,,,
POP,tehran:m1421,,,,,15985,نفر,,2016-09-22,,,شهرداری تهران — data.tehran.ir (بر پایهٔ سرشماری ۱۳۹۵),tehran-mahalat-population-1395,,,
POP,tehran:m1424,,,,,25474,نفر,,2016-09-22,,,شهرداری تهران — data.tehran.ir (بر پایهٔ سرشماری ۱۳۹۵),tehran-mahalat-population-1395,,,
POP,tehran:m1501,,,,,13967,نفر,,2016-09-22,,,شهرداری تهران — data.tehran.ir (بر پایهٔ سرشماری ۱۳۹۵),tehran-mahalat-population-1395,,,
POP,tehran:m1502,,,,,27859,نفر,,2016-09-22,,,شهرداری تهران — data.tehran.ir (بر پایهٔ سرشماری ۱۳۹۵),tehran-mahalat-population-1395,,,
POP,tehran:m1503,,,,,25267,نفر,,2016-09-22,,,شهرداری تهران — data.tehran.ir (بر پایهٔ سرشماری ۱۳۹۵),tehran-mahalat-population-1395,,,
POP,tehran:m1504,,,,,65826,نفر,,2016-09-22,,,شهرداری تهران — data.tehran.ir (بر پایهٔ سرشماری ۱۳۹۵),tehran-mahalat-population-1395,,,
POP,tehran:m1505,,,,,59587,نفر,,2016-09-22,,,شهرداری تهران — data.tehran.ir (بر پایهٔ سرشماری ۱۳۹۵),tehran-mahalat-population-1395,,,
POP,tehran:m1506,,,,,42000,نفر,,2016-09-22,,,شهرداری تهران — data.tehran.ir (بر پایهٔ سرشماری ۱۳۹۵),tehran-mahalat-population-1395,,,
POP,tehran:m1507,,,,,24396,نفر,,2016-09-22,,,شهرداری تهران — data.tehran.ir (بر پایهٔ سرشماری ۱۳۹۵),tehran-mahalat-population-1395,,,
POP,tehran:m1508,,,,,20492,نفر,,2016-09-22,,,شهرداری تهران — data.tehran.ir (بر پایهٔ سرشماری ۱۳۹۵),tehran-mahalat-population-1395,,,
POP,tehran:m1509,,,,,18254,نفر,,2016-09-22,,,شهرداری تهران — data.tehran.ir (بر پایهٔ سرشماری ۱۳۹۵),tehran-mahalat-population-1395,,,
POP,tehran:m1510,,,,,14556,نفر,,2016-09-22,,,شهرداری تهران — data.tehran.ir (بر پایهٔ سرشماری ۱۳۹۵),tehran-mahalat-population-1395,,,
POP,tehran:m1511,,,,,17450,نفر,,2016-09-22,,,شهرداری تهران — data.tehran.ir (بر پایهٔ سرشماری ۱۳۹۵),tehran-mahalat-population-1395,,,
POP,tehran:m1512,,,,,45321,نفر,,2016-09-22,,,شهرداری تهران — data.tehran.ir (بر پایهٔ سرشماری ۱۳۹۵),tehran-mahalat-population-1395,,,
POP,tehran:m1513,,,,,10298,نفر,,2016-09-22,,,شهرداری تهران — data.tehran.ir (بر پایهٔ سرشماری ۱۳۹۵),tehran-mahalat-population-1395,,,
POP,tehran:m1514,,,,,28885,نفر,,2016-09-22,,,شهرداری تهران — data.tehran.ir (بر پایهٔ سرشماری ۱۳۹۵),tehran-mahalat-population-1395,,,
POP,tehran:m1515,,,,,74641,نفر,,2016-09-22,,,شهرداری تهران — data.tehran.ir (بر پایهٔ سرشماری ۱۳۹۵),tehran-mahalat-population-1395,,,
POP,tehran:m1516,,,,,71434,نفر,,2016-09-22,,,شهرداری تهران — data.tehran.ir (بر پایهٔ سرشماری ۱۳۹۵),tehran-mahalat-population-1395,,,
POP,tehran:m1517,,,,,35085,نفر,,2016-09-22,,,شهرداری تهران — data.tehran.ir (بر پایهٔ سرشماری ۱۳۹۵),tehran-mahalat-population-1395,,,
POP,tehran:m1518,,,,,40493,نفر,,2016-09-22,,,شهرداری تهران — data.tehran.ir (بر پایهٔ سرشماری ۱۳۹۵),tehran-mahalat-population-1395,,,
POP,tehran:m1601,,,,,48252,نفر,,2016-09-22,,,شهرداری تهران — data.tehran.ir (بر پایهٔ سرشماری ۱۳۹۵),tehran-mahalat-population-1395,,,
POP,tehran:m1602,,,,,10200,نفر,,2016-09-22,,,شهرداری تهران — data.tehran.ir (بر پایهٔ سرشماری ۱۳۹۵),tehran-mahalat-population-1395,,,
POP,tehran:m1603,,,,,10224,نفر,,2016-09-22,,,شهرداری تهران — data.tehran.ir (بر پایهٔ سرشماری ۱۳۹۵),tehran-mahalat-population-1395,,,
POP,tehran:m1604,,,,,38015,نفر,,2016-09-22,,,شهرداری تهران — data.tehran.ir (بر پایهٔ سرشماری ۱۳۹۵),tehran-mahalat-population-1395,,,
POP,tehran:m1606,,,,,44318,نفر,,2016-09-22,,,شهرداری تهران — data.tehran.ir (بر پایهٔ سرشماری ۱۳۹۵),tehran-mahalat-population-1395,,,
POP,tehran:m1607,,,,,50397,نفر,,2016-09-22,,,شهرداری تهران — data.tehran.ir (بر پایهٔ سرشماری ۱۳۹۵),tehran-mahalat-population-1395,,,
POP,tehran:m1608,,,,,18517,نفر,,2016-09-22,,,شهرداری تهران — data.tehran.ir (بر پایهٔ سرشماری ۱۳۹۵),tehran-mahalat-population-1395,,,
POP,tehran:m1609,,,,,30345,نفر,,2016-09-22,,,شهرداری تهران — data.tehran.ir (بر پایهٔ سرشماری ۱۳۹۵),tehran-mahalat-population-1395,,,
POP,tehran:m1701,,,,,20420,نفر,,2016-09-22,,,شهرداری تهران — data.tehran.ir (بر پایهٔ سرشماری ۱۳۹۵),tehran-mahalat-population-1395,,,
POP,tehran:m1702,,,,,14553,نفر,,2016-09-22,,,شهرداری تهران — data.tehran.ir (بر پایهٔ سرشماری ۱۳۹۵),tehran-mahalat-population-1395,,,
POP,tehran:m1703,,,,,22736,نفر,,2016-09-22,,,شهرداری تهران — data.tehran.ir (بر پایهٔ سرشماری ۱۳۹۵),tehran-mahalat-population-1395,,,
POP,tehran:m1704,,,,,21145,نفر,,2016-09-22,,,شهرداری تهران — data.tehran.ir (بر پایهٔ سرشماری ۱۳۹۵),tehran-mahalat-population-1395,,,
POP,tehran:m1705,,,,,15628,نفر,,2016-09-22,,,شهرداری تهران — data.tehran.ir (بر پایهٔ سرشماری ۱۳۹۵),tehran-mahalat-population-1395,,,
POP,tehran:m1706,,,,,22920,نفر,,2016-09-22,,,شهرداری تهران — data.tehran.ir (بر پایهٔ سرشماری ۱۳۹۵),tehran-mahalat-population-1395,,,
POP,tehran:m1707,,,,,18554,نفر,,2016-09-22,,,شهرداری تهران — data.tehran.ir (بر پایهٔ سرشماری ۱۳۹۵),tehran-mahalat-population-1395,,,
POP,tehran:m1708,,,,,25792,نفر,,2016-09-22,,,شهرداری تهران — data.tehran.ir (بر پایهٔ سرشماری ۱۳۹۵),tehran-mahalat-population-1395,,,
POP,tehran:m1709,,,,,25174,نفر,,2016-09-22,,,شهرداری تهران — data.tehran.ir (بر پایهٔ سرشماری ۱۳۹۵),tehran-mahalat-population-1395,,,
POP,tehran:m1710,,,,,21417,نفر,,2016-09-22,,,شهرداری تهران — data.tehran.ir (بر پایهٔ سرشماری ۱۳۹۵),tehran-mahalat-population-1395,,,
POP,tehran:m1711,,,,,10860,نفر,,2016-09-22,,,شهرداری تهران — data.tehran.ir (بر پایهٔ سرشماری ۱۳۹۵),tehran-mahalat-population-1395,,,
POP,tehran:m1712,,,,,20061,نفر,,2016-09-22,,,شهرداری تهران — data.tehran.ir (بر پایهٔ سرشماری ۱۳۹۵),tehran-mahalat-population-1395,,,
POP,tehran:m1713,,,,,19735,نفر,,2016-09-22,,,شهرداری تهران — data.tehran.ir (بر پایهٔ سرشماری ۱۳۹۵),tehran-mahalat-population-1395,,,
POP,tehran:m1714,,,,,19359,نفر,,2016-09-22,,,شهرداری تهران — data.tehran.ir (بر پایهٔ سرشماری ۱۳۹۵),tehran-mahalat-population-1395,,,
POP,tehran:m1801,,,,,34720,نفر,,2016-09-22,,,شهرداری تهران — data.tehran.ir (بر پایهٔ سرشماری ۱۳۹۵),tehran-mahalat-population-1395,,,
POP,tehran:m1802,,,,,35697,نفر,,2016-09-22,,,شهرداری تهران — data.tehran.ir (بر پایهٔ سرشماری ۱۳۹۵),tehran-mahalat-population-1395,,,
POP,tehran:m1803,,,,,8217,نفر,,2016-09-22,,,شهرداری تهران — data.tehran.ir (بر پایهٔ سرشماری ۱۳۹۵),tehran-mahalat-population-1395,,,
POP,tehran:m1804,,,,,34739,نفر,,2016-09-22,,,شهرداری تهران — data.tehran.ir (بر پایهٔ سرشماری ۱۳۹۵),tehran-mahalat-population-1395,,,
POP,tehran:m1805,,,,,20071,نفر,,2016-09-22,,,شهرداری تهران — data.tehran.ir (بر پایهٔ سرشماری ۱۳۹۵),tehran-mahalat-population-1395,,,
POP,tehran:m1806,,,,,26965,نفر,,2016-09-22,,,شهرداری تهران — data.tehran.ir (بر پایهٔ سرشماری ۱۳۹۵),tehran-mahalat-population-1395,,,
POP,tehran:m1807,,,,,25065,نفر,,2016-09-22,,,شهرداری تهران — data.tehran.ir (بر پایهٔ سرشماری ۱۳۹۵),tehran-mahalat-population-1395,,,
POP,tehran:m1808,,,,,11694,نفر,,2016-09-22,,,شهرداری تهران — data.tehran.ir (بر پایهٔ سرشماری ۱۳۹۵),tehran-mahalat-population-1395,,,
POP,tehran:m1809,,,,,10188,نفر,,2016-09-22,,,شهرداری تهران — data.tehran.ir (بر پایهٔ سرشماری ۱۳۹۵),tehran-mahalat-population-1395,,,
POP,tehran:m1812,,,,,30224,نفر,,2016-09-22,,,شهرداری تهران — data.tehran.ir (بر پایهٔ سرشماری ۱۳۹۵),tehran-mahalat-population-1395,,,
POP,tehran:m1813,,,,,36772,نفر,,2016-09-22,,,شهرداری تهران — data.tehran.ir (بر پایهٔ سرشماری ۱۳۹۵),tehran-mahalat-population-1395,,,
POP,tehran:m1814,,,,,30523,نفر,,2016-09-22,,,شهرداری تهران — data.tehran.ir (بر پایهٔ سرشماری ۱۳۹۵),tehran-mahalat-population-1395,,,
POP,tehran:m1815,,,,,6547,نفر,,2016-09-22,,,شهرداری تهران — data.tehran.ir (بر پایهٔ سرشماری ۱۳۹۵),tehran-mahalat-population-1395,,,
POP,tehran:m1816,,,,,43277,نفر,,2016-09-22,,,شهرداری تهران — data.tehran.ir (بر پایهٔ سرشماری ۱۳۹۵),tehran-mahalat-population-1395,,,
POP,tehran:m1901,,,,,206,نفر,,2016-09-22,,,شهرداری تهران — data.tehran.ir (بر پایهٔ سرشماری ۱۳۹۵),tehran-mahalat-population-1395,,,
POP,tehran:m1902,,,,,24840,نفر,,2016-09-22,,,شهرداری تهران — data.tehran.ir (بر پایهٔ سرشماری ۱۳۹۵),tehran-mahalat-population-1395,,,
POP,tehran:m1903,,,,,29110,نفر,,2016-09-22,,,شهرداری تهران — data.tehran.ir (بر پایهٔ سرشماری ۱۳۹۵),tehran-mahalat-population-1395,,,
POP,tehran:m1904,,,,,29117,نفر,,2016-09-22,,,شهرداری تهران — data.tehran.ir (بر پایهٔ سرشماری ۱۳۹۵),tehran-mahalat-population-1395,,,
POP,tehran:m1905,,,,,13162,نفر,,2016-09-22,,,شهرداری تهران — data.tehran.ir (بر پایهٔ سرشماری ۱۳۹۵),tehran-mahalat-population-1395,,,
POP,tehran:m1906,,,,,17865,نفر,,2016-09-22,,,شهرداری تهران — data.tehran.ir (بر پایهٔ سرشماری ۱۳۹۵),tehran-mahalat-population-1395,,,
POP,tehran:m1908,,,,,21666,نفر,,2016-09-22,,,شهرداری تهران — data.tehran.ir (بر پایهٔ سرشماری ۱۳۹۵),tehran-mahalat-population-1395,,,
POP,tehran:m1909,,,,,36941,نفر,,2016-09-22,,,شهرداری تهران — data.tehran.ir (بر پایهٔ سرشماری ۱۳۹۵),tehran-mahalat-population-1395,,,
POP,tehran:m1910,,,,,3887,نفر,,2016-09-22,,,شهرداری تهران — data.tehran.ir (بر پایهٔ سرشماری ۱۳۹۵),tehran-mahalat-population-1395,,,
POP,tehran:m1911,,,,,11964,نفر,,2016-09-22,,,شهرداری تهران — data.tehran.ir (بر پایهٔ سرشماری ۱۳۹۵),tehran-mahalat-population-1395,,,
POP,tehran:m1912,,,,,11005,نفر,,2016-09-22,,,شهرداری تهران — data.tehran.ir (بر پایهٔ سرشماری ۱۳۹۵),tehran-mahalat-population-1395,,,
POP,tehran:m2001,,,,,35423,نفر,,2016-09-22,,,شهرداری تهران — data.tehran.ir (بر پایهٔ سرشماری ۱۳۹۵),tehran-mahalat-population-1395,,,
POP,tehran:m2002,,,,,23849,نفر,,2016-09-22,,,شهرداری تهران — data.tehran.ir (بر پایهٔ سرشماری ۱۳۹۵),tehran-mahalat-population-1395,,,
POP,tehran:m2003,,,,,56901,نفر,,2016-09-22,,,شهرداری تهران — data.tehran.ir (بر پایهٔ سرشماری ۱۳۹۵),tehran-mahalat-population-1395,,,
POP,tehran:m2004,,,,,45026,نفر,,2016-09-22,,,شهرداری تهران — data.tehran.ir (بر پایهٔ سرشماری ۱۳۹۵),tehran-mahalat-population-1395,,,
POP,tehran:m2005,,,,,9437,نفر,,2016-09-22,,,شهرداری تهران — data.tehran.ir (بر پایهٔ سرشماری ۱۳۹۵),tehran-mahalat-population-1395,,,
POP,tehran:m2006,,,,,12817,نفر,,2016-09-22,,,شهرداری تهران — data.tehran.ir (بر پایهٔ سرشماری ۱۳۹۵),tehran-mahalat-population-1395,,,
POP,tehran:m2007,,,,,18187,نفر,,2016-09-22,,,شهرداری تهران — data.tehran.ir (بر پایهٔ سرشماری ۱۳۹۵),tehran-mahalat-population-1395,,,
POP,tehran:m2008,,,,,31801,نفر,,2016-09-22,,,شهرداری تهران — data.tehran.ir (بر پایهٔ سرشماری ۱۳۹۵),tehran-mahalat-population-1395,,,
POP,tehran:m201,,,,,13807,نفر,,2016-09-22,,,شهرداری تهران — data.tehran.ir (بر پایهٔ سرشماری ۱۳۹۵),tehran-mahalat-population-1395,,,
POP,tehran:m2010,,,,,32364,نفر,,2016-09-22,,,شهرداری تهران — data.tehran.ir (بر پایهٔ سرشماری ۱۳۹۵),tehran-mahalat-population-1395,,,
POP,tehran:m2011,,,,,20246,نفر,,2016-09-22,,,شهرداری تهران — data.tehran.ir (بر پایهٔ سرشماری ۱۳۹۵),tehran-mahalat-population-1395,,,
POP,tehran:m2012,,,,,28394,نفر,,2016-09-22,,,شهرداری تهران — data.tehran.ir (بر پایهٔ سرشماری ۱۳۹۵),tehran-mahalat-population-1395,,,
POP,tehran:m2013,,,,,5707,نفر,,2016-09-22,,,شهرداری تهران — data.tehran.ir (بر پایهٔ سرشماری ۱۳۹۵),tehran-mahalat-population-1395,,,
POP,tehran:m2014,,,,,12509,نفر,,2016-09-22,,,شهرداری تهران — data.tehran.ir (بر پایهٔ سرشماری ۱۳۹۵),tehran-mahalat-population-1395,,,
POP,tehran:m2016,,,,,10381,نفر,,2016-09-22,,,شهرداری تهران — data.tehran.ir (بر پایهٔ سرشماری ۱۳۹۵),tehran-mahalat-population-1395,,,
POP,tehran:m2018,,,,,2629,نفر,,2016-09-22,,,شهرداری تهران — data.tehran.ir (بر پایهٔ سرشماری ۱۳۹۵),tehran-mahalat-population-1395,,,
POP,tehran:m2019,,,,,7306,نفر,,2016-09-22,,,شهرداری تهران — data.tehran.ir (بر پایهٔ سرشماری ۱۳۹۵),tehran-mahalat-population-1395,,,
POP,tehran:m206,,,,,62423,نفر,,2016-09-22,,,شهرداری تهران — data.tehran.ir (بر پایهٔ سرشماری ۱۳۹۵),tehran-mahalat-population-1395,,,
POP,tehran:m207,,,,,33397,نفر,,2016-09-22,,,شهرداری تهران — data.tehran.ir (بر پایهٔ سرشماری ۱۳۹۵),tehran-mahalat-population-1395,,,
POP,tehran:m208,,,,,25981,نفر,,2016-09-22,,,شهرداری تهران — data.tehran.ir (بر پایهٔ سرشماری ۱۳۹۵),tehran-mahalat-population-1395,,,
POP,tehran:m210,,,,,37403,نفر,,2016-09-22,,,شهرداری تهران — data.tehran.ir (بر پایهٔ سرشماری ۱۳۹۵),tehran-mahalat-population-1395,,,
POP,tehran:m2101,,,,,12924,نفر,,2016-09-22,,,شهرداری تهران — data.tehran.ir (بر پایهٔ سرشماری ۱۳۹۵),tehran-mahalat-population-1395,,,
POP,tehran:m2102,,,,,1309,نفر,,2016-09-22,,,شهرداری تهران — data.tehran.ir (بر پایهٔ سرشماری ۱۳۹۵),tehran-mahalat-population-1395,,,
POP,tehran:m2103,,,,,4269,نفر,,2016-09-22,,,شهرداری تهران — data.tehran.ir (بر پایهٔ سرشماری ۱۳۹۵),tehran-mahalat-population-1395,,,
POP,tehran:m2104,,,,,2453,نفر,,2016-09-22,,,شهرداری تهران — data.tehran.ir (بر پایهٔ سرشماری ۱۳۹۵),tehran-mahalat-population-1395,,,
POP,tehran:m2106,,,,,7662,نفر,,2016-09-22,,,شهرداری تهران — data.tehran.ir (بر پایهٔ سرشماری ۱۳۹۵),tehran-mahalat-population-1395,,,
POP,tehran:m2107,,,,,6885,نفر,,2016-09-22,,,شهرداری تهران — data.tehran.ir (بر پایهٔ سرشماری ۱۳۹۵),tehran-mahalat-population-1395,,,
POP,tehran:m2112,,,,,60163,نفر,,2016-09-22,,,شهرداری تهران — data.tehran.ir (بر پایهٔ سرشماری ۱۳۹۵),tehran-mahalat-population-1395,,,
POP,tehran:m2114,,,,,43924,نفر,,2016-09-22,,,شهرداری تهران — data.tehran.ir (بر پایهٔ سرشماری ۱۳۹۵),tehran-mahalat-population-1395,,,
POP,tehran:m2115,,,,,11759,نفر,,2016-09-22,,,شهرداری تهران — data.tehran.ir (بر پایهٔ سرشماری ۱۳۹۵),tehran-mahalat-population-1395,,,
POP,tehran:m2116,,,,,9402,نفر,,2016-09-22,,,شهرداری تهران — data.tehran.ir (بر پایهٔ سرشماری ۱۳۹۵),tehran-mahalat-population-1395,,,
POP,tehran:m2117,,,,,1556,نفر,,2016-09-22,,,شهرداری تهران — data.tehran.ir (بر پایهٔ سرشماری ۱۳۹۵),tehran-mahalat-population-1395,,,
POP,tehran:m213,,,,,29776,نفر,,2016-09-22,,,شهرداری تهران — data.tehran.ir (بر پایهٔ سرشماری ۱۳۹۵),tehran-mahalat-population-1395,,,
POP,tehran:m214,,,,,24679,نفر,,2016-09-22,,,شهرداری تهران — data.tehran.ir (بر پایهٔ سرشماری ۱۳۹۵),tehran-mahalat-population-1395,,,
POP,tehran:m218,,,,,44870,نفر,,2016-09-22,,,شهرداری تهران — data.tehran.ir (بر پایهٔ سرشماری ۱۳۹۵),tehran-mahalat-population-1395,,,
POP,tehran:m220,,,,,42945,نفر,,2016-09-22,,,شهرداری تهران — data.tehran.ir (بر پایهٔ سرشماری ۱۳۹۵),tehran-mahalat-population-1395,,,
POP,tehran:m2201,,,,,3092,نفر,,2016-09-22,,,شهرداری تهران — data.tehran.ir (بر پایهٔ سرشماری ۱۳۹۵),tehran-mahalat-population-1395,,,
POP,tehran:m2202,,,,,13538,نفر,,2016-09-22,,,شهرداری تهران — data.tehran.ir (بر پایهٔ سرشماری ۱۳۹۵),tehran-mahalat-population-1395,,,
POP,tehran:m2204,,,,,6706,نفر,,2016-09-22,,,شهرداری تهران — data.tehran.ir (بر پایهٔ سرشماری ۱۳۹۵),tehran-mahalat-population-1395,,,
POP,tehran:m2209,,,,,12360,نفر,,2016-09-22,,,شهرداری تهران — data.tehran.ir (بر پایهٔ سرشماری ۱۳۹۵),tehran-mahalat-population-1395,,,
POP,tehran:m221,,,,,26267,نفر,,2016-09-22,,,شهرداری تهران — data.tehran.ir (بر پایهٔ سرشماری ۱۳۹۵),tehran-mahalat-population-1395,,,
POP,tehran:m2210,,,,,12676,نفر,,2016-09-22,,,شهرداری تهران — data.tehran.ir (بر پایهٔ سرشماری ۱۳۹۵),tehran-mahalat-population-1395,,,
POP,tehran:m222,,,,,17173,نفر,,2016-09-22,,,شهرداری تهران — data.tehran.ir (بر پایهٔ سرشماری ۱۳۹۵),tehran-mahalat-population-1395,,,
POP,tehran:m223,,,,,36305,نفر,,2016-09-22,,,شهرداری تهران — data.tehran.ir (بر پایهٔ سرشماری ۱۳۹۵),tehran-mahalat-population-1395,,,
POP,tehran:m224,,,,,34358,نفر,,2016-09-22,,,شهرداری تهران — data.tehran.ir (بر پایهٔ سرشماری ۱۳۹۵),tehran-mahalat-population-1395,,,
POP,tehran:m228,,,,,25110,نفر,,2016-09-22,,,شهرداری تهران — data.tehran.ir (بر پایهٔ سرشماری ۱۳۹۵),tehran-mahalat-population-1395,,,
POP,tehran:m229,,,,,17555,نفر,,2016-09-22,,,شهرداری تهران — data.tehran.ir (بر پایهٔ سرشماری ۱۳۹۵),tehran-mahalat-population-1395,,,
POP,tehran:m302,,,,,21009,نفر,,2016-09-22,,,شهرداری تهران — data.tehran.ir (بر پایهٔ سرشماری ۱۳۹۵),tehran-mahalat-population-1395,,,
POP,tehran:m303,,,,,26745,نفر,,2016-09-22,,,شهرداری تهران — data.tehran.ir (بر پایهٔ سرشماری ۱۳۹۵),tehran-mahalat-population-1395,,,
POP,tehran:m304,,,,,39828,نفر,,2016-09-22,,,شهرداری تهران — data.tehran.ir (بر پایهٔ سرشماری ۱۳۹۵),tehran-mahalat-population-1395,,,
POP,tehran:m305,,,,,18277,نفر,,2016-09-22,,,شهرداری تهران — data.tehran.ir (بر پایهٔ سرشماری ۱۳۹۵),tehran-mahalat-population-1395,,,
POP,tehran:m306,,,,,56697,نفر,,2016-09-22,,,شهرداری تهران — data.tehran.ir (بر پایهٔ سرشماری ۱۳۹۵),tehran-mahalat-population-1395,,,
POP,tehran:m307,,,,,32355,نفر,,2016-09-22,,,شهرداری تهران — data.tehran.ir (بر پایهٔ سرشماری ۱۳۹۵),tehran-mahalat-population-1395,,,
POP,tehran:m308,,,,,22963,نفر,,2016-09-22,,,شهرداری تهران — data.tehran.ir (بر پایهٔ سرشماری ۱۳۹۵),tehran-mahalat-population-1395,,,
POP,tehran:m309,,,,,20626,نفر,,2016-09-22,,,شهرداری تهران — data.tehran.ir (بر پایهٔ سرشماری ۱۳۹۵),tehran-mahalat-population-1395,,,
POP,tehran:m310,,,,,24511,نفر,,2016-09-22,,,شهرداری تهران — data.tehran.ir (بر پایهٔ سرشماری ۱۳۹۵),tehran-mahalat-population-1395,,,
POP,tehran:m311,,,,,17192,نفر,,2016-09-22,,,شهرداری تهران — data.tehran.ir (بر پایهٔ سرشماری ۱۳۹۵),tehran-mahalat-population-1395,,,
POP,tehran:m312,,,,,30658,نفر,,2016-09-22,,,شهرداری تهران — data.tehran.ir (بر پایهٔ سرشماری ۱۳۹۵),tehran-mahalat-population-1395,,,
POP,tehran:m401,,,,,19326,نفر,,2016-09-22,,,شهرداری تهران — data.tehran.ir (بر پایهٔ سرشماری ۱۳۹۵),tehran-mahalat-population-1395,,,
POP,tehran:m402,,,,,62773,نفر,,2016-09-22,,,شهرداری تهران — data.tehran.ir (بر پایهٔ سرشماری ۱۳۹۵),tehran-mahalat-population-1395,,,
POP,tehran:m403,,,,,25723,نفر,,2016-09-22,,,شهرداری تهران — data.tehran.ir (بر پایهٔ سرشماری ۱۳۹۵),tehran-mahalat-population-1395,,,
POP,tehran:m405,,,,,24138,نفر,,2016-09-22,,,شهرداری تهران — data.tehran.ir (بر پایهٔ سرشماری ۱۳۹۵),tehran-mahalat-population-1395,,,
POP,tehran:m406,,,,,32569,نفر,,2016-09-22,,,شهرداری تهران — data.tehran.ir (بر پایهٔ سرشماری ۱۳۹۵),tehran-mahalat-population-1395,,,
POP,tehran:m407,,,,,40336,نفر,,2016-09-22,,,شهرداری تهران — data.tehran.ir (بر پایهٔ سرشماری ۱۳۹۵),tehran-mahalat-population-1395,,,
POP,tehran:m408,,,,,51698,نفر,,2016-09-22,,,شهرداری تهران — data.tehran.ir (بر پایهٔ سرشماری ۱۳۹۵),tehran-mahalat-population-1395,,,
POP,tehran:m409,,,,,57312,نفر,,2016-09-22,,,شهرداری تهران — data.tehran.ir (بر پایهٔ سرشماری ۱۳۹۵),tehran-mahalat-population-1395,,,
POP,tehran:m410,,,,,66818,نفر,,2016-09-22,,,شهرداری تهران — data.tehran.ir (بر پایهٔ سرشماری ۱۳۹۵),tehran-mahalat-population-1395,,,
POP,tehran:m411,,,,,124634,نفر,,2016-09-22,,,شهرداری تهران — data.tehran.ir (بر پایهٔ سرشماری ۱۳۹۵),tehran-mahalat-population-1395,,,
POP,tehran:m412,,,,,49864,نفر,,2016-09-22,,,شهرداری تهران — data.tehran.ir (بر پایهٔ سرشماری ۱۳۹۵),tehran-mahalat-population-1395,,,
POP,tehran:m413,,,,,44857,نفر,,2016-09-22,,,شهرداری تهران — data.tehran.ir (بر پایهٔ سرشماری ۱۳۹۵),tehran-mahalat-population-1395,,,
POP,tehran:m414,,,,,68003,نفر,,2016-09-22,,,شهرداری تهران — data.tehran.ir (بر پایهٔ سرشماری ۱۳۹۵),tehran-mahalat-population-1395,,,
POP,tehran:m415,,,,,30228,نفر,,2016-09-22,,,شهرداری تهران — data.tehran.ir (بر پایهٔ سرشماری ۱۳۹۵),tehran-mahalat-population-1395,,,
POP,tehran:m416,,,,,29497,نفر,,2016-09-22,,,شهرداری تهران — data.tehran.ir (بر پایهٔ سرشماری ۱۳۹۵),tehran-mahalat-population-1395,,,
POP,tehran:m417,,,,,21603,نفر,,2016-09-22,,,شهرداری تهران — data.tehran.ir (بر پایهٔ سرشماری ۱۳۹۵),tehran-mahalat-population-1395,,,
POP,tehran:m418,,,,,46880,نفر,,2016-09-22,,,شهرداری تهران — data.tehran.ir (بر پایهٔ سرشماری ۱۳۹۵),tehran-mahalat-population-1395,,,
POP,tehran:m419,,,,,21787,نفر,,2016-09-22,,,شهرداری تهران — data.tehran.ir (بر پایهٔ سرشماری ۱۳۹۵),tehran-mahalat-population-1395,,,
POP,tehran:m420,,,,,58768,نفر,,2016-09-22,,,شهرداری تهران — data.tehran.ir (بر پایهٔ سرشماری ۱۳۹۵),tehran-mahalat-population-1395,,,
POP,tehran:m501,,,,,11201,نفر,,2016-09-22,,,شهرداری تهران — data.tehran.ir (بر پایهٔ سرشماری ۱۳۹۵),tehran-mahalat-population-1395,,,
POP,tehran:m502,,,,,32889,نفر,,2016-09-22,,,شهرداری تهران — data.tehran.ir (بر پایهٔ سرشماری ۱۳۹۵),tehran-mahalat-population-1395,,,
POP,tehran:m503,,,,,6545,نفر,,2016-09-22,,,شهرداری تهران — data.tehran.ir (بر پایهٔ سرشماری ۱۳۹۵),tehran-mahalat-population-1395,,,
POP,tehran:m504,,,,,3333,نفر,,2016-09-22,,,شهرداری تهران — data.tehran.ir (بر پایهٔ سرشماری ۱۳۹۵),tehran-mahalat-population-1395,,,
POP,tehran:m505,,,,,14997,نفر,,2016-09-22,,,شهرداری تهران — data.tehran.ir (بر پایهٔ سرشماری ۱۳۹۵),tehran-mahalat-population-1395,,,
POP,tehran:m506,,,,,9705,نفر,,2016-09-22,,,شهرداری تهران — data.tehran.ir (بر پایهٔ سرشماری ۱۳۹۵),tehran-mahalat-population-1395,,,
POP,tehran:m507,,,,,43465,نفر,,2016-09-22,,,شهرداری تهران — data.tehran.ir (بر پایهٔ سرشماری ۱۳۹۵),tehran-mahalat-population-1395,,,
POP,tehran:m508,,,,,51011,نفر,,2016-09-22,,,شهرداری تهران — data.tehran.ir (بر پایهٔ سرشماری ۱۳۹۵),tehran-mahalat-population-1395,,,
POP,tehran:m509,,,,,18116,نفر,,2016-09-22,,,شهرداری تهران — data.tehran.ir (بر پایهٔ سرشماری ۱۳۹۵),tehran-mahalat-population-1395,,,
POP,tehran:m510,,,,,26232,نفر,,2016-09-22,,,شهرداری تهران — data.tehran.ir (بر پایهٔ سرشماری ۱۳۹۵),tehran-mahalat-population-1395,,,
POP,tehran:m511,,,,,38758,نفر,,2016-09-22,,,شهرداری تهران — data.tehran.ir (بر پایهٔ سرشماری ۱۳۹۵),tehran-mahalat-population-1395,,,
POP,tehran:m512,,,,,25328,نفر,,2016-09-22,,,شهرداری تهران — data.tehran.ir (بر پایهٔ سرشماری ۱۳۹۵),tehran-mahalat-population-1395,,,
POP,tehran:m514,,,,,35408,نفر,,2016-09-22,,,شهرداری تهران — data.tehran.ir (بر پایهٔ سرشماری ۱۳۹۵),tehran-mahalat-population-1395,,,
POP,tehran:m515,,,,,64263,نفر,,2016-09-22,,,شهرداری تهران — data.tehran.ir (بر پایهٔ سرشماری ۱۳۹۵),tehran-mahalat-population-1395,,,
POP,tehran:m516,,,,,71891,نفر,,2016-09-22,,,شهرداری تهران — data.tehran.ir (بر پایهٔ سرشماری ۱۳۹۵),tehran-mahalat-population-1395,,,
POP,tehran:m517,,,,,4427,نفر,,2016-09-22,,,شهرداری تهران — data.tehran.ir (بر پایهٔ سرشماری ۱۳۹۵),tehran-mahalat-population-1395,,,
POP,tehran:m518,,,,,23743,نفر,,2016-09-22,,,شهرداری تهران — data.tehran.ir (بر پایهٔ سرشماری ۱۳۹۵),tehran-mahalat-population-1395,,,
POP,tehran:m519,,,,,30557,نفر,,2016-09-22,,,شهرداری تهران — data.tehran.ir (بر پایهٔ سرشماری ۱۳۹۵),tehran-mahalat-population-1395,,,
POP,tehran:m520,,,,,29223,نفر,,2016-09-22,,,شهرداری تهران — data.tehran.ir (بر پایهٔ سرشماری ۱۳۹۵),tehran-mahalat-population-1395,,,
POP,tehran:m521,,,,,24536,نفر,,2016-09-22,,,شهرداری تهران — data.tehran.ir (بر پایهٔ سرشماری ۱۳۹۵),tehran-mahalat-population-1395,,,
POP,tehran:m522,,,,,28758,نفر,,2016-09-22,,,شهرداری تهران — data.tehran.ir (بر پایهٔ سرشماری ۱۳۹۵),tehran-mahalat-population-1395,,,
POP,tehran:m523,,,,,26312,نفر,,2016-09-22,,,شهرداری تهران — data.tehran.ir (بر پایهٔ سرشماری ۱۳۹۵),tehran-mahalat-population-1395,,,
POP,tehran:m524,,,,,34036,نفر,,2016-09-22,,,شهرداری تهران — data.tehran.ir (بر پایهٔ سرشماری ۱۳۹۵),tehran-mahalat-population-1395,,,
POP,tehran:m525,,,,,28191,نفر,,2016-09-22,,,شهرداری تهران — data.tehran.ir (بر پایهٔ سرشماری ۱۳۹۵),tehran-mahalat-population-1395,,,
POP,tehran:m526,,,,,66323,نفر,,2016-09-22,,,شهرداری تهران — data.tehran.ir (بر پایهٔ سرشماری ۱۳۹۵),tehran-mahalat-population-1395,,,
POP,tehran:m527,,,,,18037,نفر,,2016-09-22,,,شهرداری تهران — data.tehran.ir (بر پایهٔ سرشماری ۱۳۹۵),tehran-mahalat-population-1395,,,
POP,tehran:m528,,,,,15899,نفر,,2016-09-22,,,شهرداری تهران — data.tehran.ir (بر پایهٔ سرشماری ۱۳۹۵),tehran-mahalat-population-1395,,,
POP,tehran:m529,,,,,40641,نفر,,2016-09-22,,,شهرداری تهران — data.tehran.ir (بر پایهٔ سرشماری ۱۳۹۵),tehran-mahalat-population-1395,,,
POP,tehran:m601,,,,,31012,نفر,,2016-09-22,,,شهرداری تهران — data.tehran.ir (بر پایهٔ سرشماری ۱۳۹۵),tehran-mahalat-population-1395,,,
POP,tehran:m604,,,,,8875,نفر,,2016-09-22,,,شهرداری تهران — data.tehran.ir (بر پایهٔ سرشماری ۱۳۹۵),tehran-mahalat-population-1395,,,
POP,tehran:m605,,,,,40985,نفر,,2016-09-22,,,شهرداری تهران — data.tehran.ir (بر پایهٔ سرشماری ۱۳۹۵),tehran-mahalat-population-1395,,,
POP,tehran:m611,,,,,13634,نفر,,2016-09-22,,,شهرداری تهران — data.tehran.ir (بر پایهٔ سرشماری ۱۳۹۵),tehran-mahalat-population-1395,,,
POP,tehran:m612,,,,,12672,نفر,,2016-09-22,,,شهرداری تهران — data.tehran.ir (بر پایهٔ سرشماری ۱۳۹۵),tehran-mahalat-population-1395,,,
POP,tehran:m616,,,,,10938,نفر,,2016-09-22,,,شهرداری تهران — data.tehran.ir (بر پایهٔ سرشماری ۱۳۹۵),tehran-mahalat-population-1395,,,
POP,tehran:m617,,,,,13432,نفر,,2016-09-22,,,شهرداری تهران — data.tehran.ir (بر پایهٔ سرشماری ۱۳۹۵),tehran-mahalat-population-1395,,,
POP,tehran:m618,,,,,9593,نفر,,2016-09-22,,,شهرداری تهران — data.tehran.ir (بر پایهٔ سرشماری ۱۳۹۵),tehran-mahalat-population-1395,,,
POP,tehran:m701,,,,,27721,نفر,,2016-09-22,,,شهرداری تهران — data.tehran.ir (بر پایهٔ سرشماری ۱۳۹۵),tehran-mahalat-population-1395,,,
POP,tehran:m702,,,,,22372,نفر,,2016-09-22,,,شهرداری تهران — data.tehran.ir (بر پایهٔ سرشماری ۱۳۹۵),tehran-mahalat-population-1395,,,
POP,tehran:m704,,,,,14767,نفر,,2016-09-22,,,شهرداری تهران — data.tehran.ir (بر پایهٔ سرشماری ۱۳۹۵),tehran-mahalat-population-1395,,,
POP,tehran:m705,,,,,19427,نفر,,2016-09-22,,,شهرداری تهران — data.tehran.ir (بر پایهٔ سرشماری ۱۳۹۵),tehran-mahalat-population-1395,,,
POP,tehran:m706,,,,,21177,نفر,,2016-09-22,,,شهرداری تهران — data.tehran.ir (بر پایهٔ سرشماری ۱۳۹۵),tehran-mahalat-population-1395,,,
POP,tehran:m707,,,,,17392,نفر,,2016-09-22,,,شهرداری تهران — data.tehran.ir (بر پایهٔ سرشماری ۱۳۹۵),tehran-mahalat-population-1395,,,
POP,tehran:m712,,,,,9558,نفر,,2016-09-22,,,شهرداری تهران — data.tehran.ir (بر پایهٔ سرشماری ۱۳۹۵),tehran-mahalat-population-1395,,,
POP,tehran:m713,,,,,21519,نفر,,2016-09-22,,,شهرداری تهران — data.tehran.ir (بر پایهٔ سرشماری ۱۳۹۵),tehran-mahalat-population-1395,,,
POP,tehran:m714,,,,,16890,نفر,,2016-09-22,,,شهرداری تهران — data.tehran.ir (بر پایهٔ سرشماری ۱۳۹۵),tehran-mahalat-population-1395,,,
POP,tehran:m718,,,,,12264,نفر,,2016-09-22,,,شهرداری تهران — data.tehran.ir (بر پایهٔ سرشماری ۱۳۹۵),tehran-mahalat-population-1395,,,
POP,tehran:m719,,,,,21390,نفر,,2016-09-22,,,شهرداری تهران — data.tehran.ir (بر پایهٔ سرشماری ۱۳۹۵),tehran-mahalat-population-1395,,,
POP,tehran:m801,,,,,18836,نفر,,2016-09-22,,,شهرداری تهران — data.tehran.ir (بر پایهٔ سرشماری ۱۳۹۵),tehran-mahalat-population-1395,,,
POP,tehran:m802,,,,,53078,نفر,,2016-09-22,,,شهرداری تهران — data.tehran.ir (بر پایهٔ سرشماری ۱۳۹۵),tehran-mahalat-population-1395,,,
POP,tehran:m803,,,,,40134,نفر,,2016-09-22,,,شهرداری تهران — data.tehran.ir (بر پایهٔ سرشماری ۱۳۹۵),tehran-mahalat-population-1395,,,
POP,tehran:m804,,,,,32960,نفر,,2016-09-22,,,شهرداری تهران — data.tehran.ir (بر پایهٔ سرشماری ۱۳۹۵),tehran-mahalat-population-1395,,,
POP,tehran:m805,,,,,36865,نفر,,2016-09-22,,,شهرداری تهران — data.tehran.ir (بر پایهٔ سرشماری ۱۳۹۵),tehran-mahalat-population-1395,,,
POP,tehran:m806,,,,,30387,نفر,,2016-09-22,,,شهرداری تهران — data.tehran.ir (بر پایهٔ سرشماری ۱۳۹۵),tehran-mahalat-population-1395,,,
POP,tehran:m807,,,,,56763,نفر,,2016-09-22,,,شهرداری تهران — data.tehran.ir (بر پایهٔ سرشماری ۱۳۹۵),tehran-mahalat-population-1395,,,
POP,tehran:m809,,,,,23983,نفر,,2016-09-22,,,شهرداری تهران — data.tehran.ir (بر پایهٔ سرشماری ۱۳۹۵),tehran-mahalat-population-1395,,,
POP,tehran:m810,,,,,22549,نفر,,2016-09-22,,,شهرداری تهران — data.tehran.ir (بر پایهٔ سرشماری ۱۳۹۵),tehran-mahalat-population-1395,,,
POP,tehran:m811,,,,,17296,نفر,,2016-09-22,,,شهرداری تهران — data.tehran.ir (بر پایهٔ سرشماری ۱۳۹۵),tehran-mahalat-population-1395,,,
POP,tehran:m812,,,,,26773,نفر,,2016-09-22,,,شهرداری تهران — data.tehran.ir (بر پایهٔ سرشماری ۱۳۹۵),tehran-mahalat-population-1395,,,
POP,tehran:m813,,,,,35048,نفر,,2016-09-22,,,شهرداری تهران — data.tehran.ir (بر پایهٔ سرشماری ۱۳۹۵),tehran-mahalat-population-1395,,,
POP,tehran:m901,,,,,5538,نفر,,2016-09-22,,,شهرداری تهران — data.tehran.ir (بر پایهٔ سرشماری ۱۳۹۵),tehran-mahalat-population-1395,,,
POP,tehran:m902,,,,,18523,نفر,,2016-09-22,,,شهرداری تهران — data.tehran.ir (بر پایهٔ سرشماری ۱۳۹۵),tehran-mahalat-population-1395,,,
POP,tehran:m903,,,,,36394,نفر,,2016-09-22,,,شهرداری تهران — data.tehran.ir (بر پایهٔ سرشماری ۱۳۹۵),tehran-mahalat-population-1395,,,
POP,tehran:m904,,,,,22087,نفر,,2016-09-22,,,شهرداری تهران — data.tehran.ir (بر پایهٔ سرشماری ۱۳۹۵),tehran-mahalat-population-1395,,,
POP,tehran:m905,,,,,19790,نفر,,2016-09-22,,,شهرداری تهران — data.tehran.ir (بر پایهٔ سرشماری ۱۳۹۵),tehran-mahalat-population-1395,,,
POP,tehran:m906,,,,,23672,نفر,,2016-09-22,,,شهرداری تهران — data.tehran.ir (بر پایهٔ سرشماری ۱۳۹۵),tehran-mahalat-population-1395,,,
POP,tehran:m907,,,,,23885,نفر,,2016-09-22,,,شهرداری تهران — data.tehran.ir (بر پایهٔ سرشماری ۱۳۹۵),tehran-mahalat-population-1395,,,
POP,tehran:m908,,,,,24140,نفر,,2016-09-22,,,شهرداری تهران — data.tehran.ir (بر پایهٔ سرشماری ۱۳۹۵),tehran-mahalat-population-1395,,,
POP,tehran:m909,,,,,86,نفر,,2016-09-22,,,شهرداری تهران — data.tehran.ir (بر پایهٔ سرشماری ۱۳۹۵),tehran-mahalat-population-1395,,,
